title,rating,comments_count,comments_top5
肖申克的救赎,9.7,2060413,"['人的生命不过是从一个洞穴通往另一个世界..然后在那个世界的雨中继续颤抖.i hope', '当年的奥斯卡颁奖礼上，被如日中天的《阿甘正传》掩盖了它的光彩，而随着时间的推移，这部电影在越来越多的人们心中的地位已超越了《阿甘》。每当现实令我疲惫得产生无力感，翻出这张碟，就重获力量。毫无疑问，本片位列男人必看的电影前三名！回顾那一段经典台词：“有的人的羽翼是如此光辉，即使世界上最黑暗的牢狱，也无法长久地将他围困！”', '墙里的人老是喊自由，可是墙外的我们真正得到了吗？', '不需要女主角的好电影', '恐惧让你沦为囚犯，希望让你重获自由。——《肖申克的救赎》']"
霸王别姬,9.6,1527337,"['陈凯歌可以靠它吃两辈子饭了，现在看来江郎才尽也情有可原', '说好了一辈子，少一年、一天、一个时辰，都不是一辈子。', '他竟当面一语点破：虞姬是真虞姬，霸王是假霸王。', '就凭这个，我愿意原谅陈凯歌一切的烂片 你只要伟大过一次就可以了 就凭这个 哥哥你是我心中永远不朽的传奇 你是全世界最大的角儿', '在野路子出身的张国荣面前，学院出身的张丰毅显得那么单薄']"
阿甘正传,9.5,1557834,"['他的十二支船，每一支都是她的名字。她走后，他只得跑遍世界的每一个湖泊和沙漠来思念她，只等她一声召唤便死心塌地的回到她的身边。好莱坞编造一个这么纯粹的故事，让我们看到我们所拥有的感情，是多么的残破不堪。这简直是残忍的，不道德的。', '太甜美的美國夢', '羡慕珍妮，不管她多么叛逆、落魄、堕落，永远有阿甘在等她回来', '妈妈说，生活就像一盒巧克力……请不要再续下一句，耳朵听的起了茧子。', '每年看一遍，每年哭一遍，看看自己幸福还是阿甘幸福！时间：从2003开始每年一遍']"
这个杀手不太冷,9.4,1749264,"['我开始想要过得快乐，睡在床上，有牵挂', '萝莉有颗御姐心，正太有个大叔身——邪恶又天真、残酷又温柔，多完美~', '一半的魅力来自反派：Gary Oldman.', '她对Leon说，自从遇见你后，我的胃，再也不痛了……', 'Leon的门打开，一束好象来自天堂的光照在Mathilda脸上。给他快乐，从不发问。细节和大方向都很出色，一部控制得几乎完美的电影。']"
美丽人生,9.5,977582,"['我以为如此智慧的一个人，在那几声枪响过后，必定是会走出来，继续对他的公主说早安的...', '人生，就是喜剧，就是一场1000分的游戏。千万别哭，不然那个迈着正步去赴死的犹太人会笑话你的。\r\n \r\n', '如果谎言可以这样美丽，我也情愿生活在谎言之中', '看了这个不要看《辛德勒名单》或者看了《辛德勒名单》不要看这个。时间：2005', '在真实的历史面前，不可能有这样的轻松与浪漫！']"
泰坦尼克号,9.4,1510062,"['那对对死无所畏惧的老夫妇，那个不为外界干扰的乐队，那个为生而做一次假父亲的男人，那个为爱人吹响口哨的女人。都是为了一种心灵上的执着。', '“我甚至连一张他的画像都没有，但他永远活在我心中。” 要敢说，这是我一直深爱的电影。', '剧本居然收入人民教育出版社教材，可想而知对我国的巨大影响力。', '若干年后，2010年12月27日凌晨一点半，我不知道还有谁醒着没睡，还有谁和我一样，刚重温过这片子，或是刚刚打开准备重温。我又哭得很惨，这是毫无疑问的。我想，之所以不情愿活着，是因为没有那个如此相爱想要厮守的人；不情愿死去，是因为没有一个人如此爱我，值得我为他去死。', '爱你原本只是一瞬，却不知在时间的洪流中成了永恒。']"
千与千寻,9.4,1617052,"['有那么那么经典吗？还是我老了？', '每次看这些神作的时候想到这是动画片这是一群牛人一笔一笔画出来的,就觉得漏看掉一帧都实在是对不起他们啊', '不努力工作会变成猪', '曾发生过的事请不可能忘记 只不过是你想不起罢了', '一个寻找自我或者自我复苏的过程']"
辛德勒的名单,9.5,793949,"['有钱才能保护喜欢的人', '印象很深刻的是黑白画面中的红色。', '“凡救人一命，即救全世界！”一段如此深刻的历史，多么希望它早早结束，但如此一部经典的影片你却永远都不想它完结。感动于良知，印象很深刻的永远是黑白画面中的那一抹红色。在任何时代，不管有多么的黑暗，都会有人性的光辉在闪烁着；经典的影片也不会因为缺失色彩而让人觉得沉闷。★★★★☆', '这不止是剧情，更是技术、镜头、剪辑、演技和配乐的综合胜利。表达是一出技巧活，不以剧本和背景定优劣，这一切都是导演的功力和运气造成，不可求，但可遇——《辛德勒的名单》可谓厚积薄发。而实论背景，辛德勒本人之事尚存争议，电影却已在全世界人面前诠释并且定性了，由此可见媒体的影响之大', '出门的时候，看到灯火辉煌的城市，会觉得一切幸福美好都是罪恶。。。']"
盗梦空间,9.3,1488546,"['大概广电局也不知道该从哪里剪', '卡梅隆负责革新电影技术，诺兰负责革新电影结构...', '1、电影确实精彩。2、没有想象的难懂，相信你自己。3、总会有一个让你记一辈子的镜头。4、请降低期待值。5、请提前上厕所。6、记得关手机。7、一定要去影院，因为影院也是个造梦机器。8、记得听完结尾音乐。因为它负责让你醒来。9、极可能是近几年你在影院看过最精彩的电影。10、穿越吧少年', '一部电影好看到即使你明白它在故弄玄虚也是义无反顾的打五星。', '确实挺好看。人人都在评论这片，我也评不出个鸟来了。因为《盗梦空间》这片，中国人民已经陷入了智商无限的癫狂幻想之中。人人都觉得自己的解释最牛逼，人人都觉得自己是哲学家，是心理学家，是数学家，是诺兰的知己。']"
忠犬八公的故事,9.4,1035248,"['八公的主人，也在天堂的门口等了它很久吧。', '这真是漫长的一生啊，八公。', 'Hachi就是爱一个人过一生了。', '动物是我的死穴...从头哭到尾..', '这是我所看过的关于狗狗电影最感人的一部，我想它的成功之处就在于将重点正确放至在了对Hachi内心的刻画上，而没有像其他一些影片文不对题，偏偏喜欢渲染一些多余人物的情感，很显然，主题对了，观影者自然而然会买单。']"
海上钢琴师,9.3,1241146,"['某一天我突然明白，他不能离开的不是那艘船，而是那片养育他的精神家园', '每个人的心里都有自己的一艘船 一个近乎偏执的小归宿 只是因为它让我们感到实实在在的安全 不致无枝可依。', '如果我把吉他练熟了，就可以不用买打火机啦', '我总觉得这是一个真实的故事，因为他的懦弱，懦弱得真实。', '又是一定该看的，只在自己的世界里坚持自己的人．哪怕生命就这样消逝．只留下一点声音的碎片，１９００，也许我们都一样害怕脚踏实地的生活，害怕乌烟瘴气的世界．']"
楚门的世界,9.3,1112251,"['“如果再也不能见到你，祝你早安，午安和晚安。”', '他用别人的相片拼凑出她的样子， 在这个虚假的，冷漠无情的世界里只有这份思念是唯一的真实', '那个导演好恶心，那群观众更恶心，反乌托邦就是要反这班偷窥成狂的上帝。自由的意志是不能任人摆布的，如果我是楚门，但愿你永远不要让我发现真相，不然我将诅咒你们所有人——FUCK OFF, SCREW YOU ALL!', '最讽刺的难道不是电视旁的所谓观众么？导演老头子都比他们真情实感多了 观众为了他落泪欢呼击掌又如何 之前却从未想过让他离开 之后也只是换了一个节目频道罢了', '就算是已经完全知道剧情走向也还是被震撼被感动。就算你能摄影我的一切也无法在我脑内安装摄影机。']"
三傻大闹宝莱坞,9.2,1381151,"['看了这部电影是我2010年最幸运的一件事 力荐！', '这几个月来看过的最好的片——”做自己“，也许才是人生终极的成功。别总嘲笑印度人”阿三“，他们已经追上来了，无论经济、科技还是我们一贯认为只会跳舞唱歌的宝莱坞电影。盛赞！5+1星！', '当你不断追求卓越，成功就会不知不觉追赶你。害怕明天，怎能过好今天呢？心很脆弱，我们要学会哄它。鸡不会知道蛋的前程。学习是为了完善人生，而非享乐人生。只为生命而感激。朋友失败，你难过，朋友成功，你更难过。一切顺利。', '你们都说好看，我也就觉得一般般', '【温馨提示：请忽略这傻逼名字.不然你会错过一部好电影】1、病毒的鸟巢飞来了一只自由之鸟；2、Ta有没有告诉你,朋友就是给你一枚硬币教你自己独立做出选择的那个人.这个人才是你最大的财富 ：）']"
机器人总动员,9.3,980009,"['这是一只安卓和苹果的故事么。。', '把所有的好东西都给eva', '很久没看过这么可爱的动画片了。瓦力什么都不会说，除了那一声声执拗的：Eve！他们在星空画出美丽的弧线，他们无意间守候了一份真正的爱情。', '我看哭了。。。', '再也没有比《瓦力》更美的动画片了！谈到Wall·E的来源，导演安德鲁·斯坦顿否认了“ET”或者“霹雳五号”的说法（尽管外形很像），他只承认自己创造Wall·E受到了“小台灯”（Luxo）、双筒望远镜、R2-D2、迪士尼乐园“星空之旅”的机器人、卓别林以及伍迪·艾伦的影响。']"
放牛班的春天,9.3,960820,"['纸飞机+挥动的小手——那一刻，什么都值了', '一个孩子在启蒙时期，能够遇到一位好的老师，真的是一件非常幸运的事情。', '那漫天飘扬的纸飞机是我对你最诚挚的敬意。', '这是一次心灵的洗礼，没人生本向恶，只是无情的手把人推向了无尽的深渊。Morhange每一次天使般的独唱，总让我感动的浑身直起鸡皮疙瘩，特别是那纸飞机从窗口飞出，“感谢、再见”的小手一挥，那份感动，不言而喻。而最重要的，看这部电影不仅是好“看”，天籁的童声更是听觉的享受。★★★★☆', '星期六，贝贝抱着小熊跟马修老师回家了！QwQ']"
星际穿越,9.3,1113773,"['诺兰说：如果我活得够长 那么豆瓣TOP250就被我承包了。', '时间可以伸缩和折叠，唯独不能倒退。你的鹤发或许是我的童颜，而我一次呼吸能抵过你此生的岁月。', '你应该敬畏时间，因为那是一切的密码；但不要滥用爱意，因为那不是一切的钥匙。', '以地球全部北京化（咦？）为背景的近未来硬科幻，对虫洞、重力和时间维度都有新颖的理解，刻画的浩瀚宇宙让人目眩。可惜诺兰的野心太大（真的是bigger than bigger！），而且把人性拔那么高，到最后就成太空神棍片了...', ""太壮阔了，无以言表！40'渐入佳境，80'叹为观止，120'泪流满面，160'恍如隔世…不曾如此贴近浩瀚星空，被它环抱；不曾如此触摸生命之弦，遁入五维幻境。瑕不掩瑜的科幻神作，刷新视觉的IMAX体验，观影前撒好尿，准备接受近三小时的泪腺洗礼。“爱是一种力量，让我们超越时空感知它的存在”-发自豆瓣App""]"
大话西游之大圣娶亲,9.2,1091669,"['无论是看第三十遍，还是第三十一遍，我都会对着那个寂寥的背影流泪。那落寞的大圣身上烙印着我青春时所有梦想，我们曾以为自己会成为盖世英雄，以为自己是这个世界的唯一，以为爱情专为自己存在，可是渐渐发现自己和别人没有什么不同，当你踏上社会时，总会有人看着你的背影说：看，他好像条狗啊！', '一切的闹闹哄哄，只是他在水帘洞躲避风沙那晚做的一个梦。', '看了不下20遍，彻底看伤了。', '鲜花虽会凋谢，但会再开。一生所爱，隐约在白云外。苦海翻起爱恨，在世间难逃避命运。相亲竟不可接近，或我应该相信是命运。', '一遍烂，两遍笑，三遍哭']"
熔炉,9.3,673041,"['媒体越干净，社会越肮脏', '想起一级恐惧的片头台词来：想找公平就到妓院，想被人干才到法庭。深雾中到处是颤栗的呻吟。', '這個世界的絕望在於，眼睜睜地看著那麼多的不公不平每天都在身邊發生，自己再怎麼努力卻依舊無可奈何；而這個世界的希望也在於，明知是蚍蜉撼大樹，卻還是有那麼一群人執著地選擇了這一條艱難而幾近不可能的路。', '。。。套用 被嫌弃的松子的一生 里面的一句话：生而为人，对不起。', '我们无法改变世界，但我们可以选择不被世界改变...']"
疯狂动物城,9.2,1304883,"['看过了这一部，我好像能够更坚定地说我会当迪士尼一辈子的粉丝。迪士尼给我们营造的乌托邦就是这样，永远善良勇敢，永远出乎意料。', '无论是人设，世界观，动画制作，还是剧本，都挑不出毛病来啊啊啊！！细节多到爆！！好幸福！！！！>w< 最难能可贵的是配角们的人物性格和形象设置都非常饱满（教父梗好惊喜>< ） 虽然是动画，但是剧本还是隐射很多人类社会的种族问题，以及政治两党上位之争的问题。另外我狐Nick的眼神是在太苏了TwT...', '完爆冰雪超能头脑，动物再次证明了动画片不止是给小朋友看的，而是全年龄段和世界级的，尖端数码特技、新意剧情、老梗新用搭配萌Q画风，乌托励志、搞笑温情、自然销魂、阴谋反转，用动物来映射人类，涉及种族歧视和两党斗争，无论从制作技术还是政治倾向或是社会意义来说，基本锁定今年奥斯卡最佳动画', '树懒太他妈好笑了！！那两分钟我嗓子都哑了！！卧槽！！真是太他妈好笑了！！', '港真，面对人家动画片里连一把椅子扶手上的铝合金划痕都做得活灵活现的态度，咱们就默默低头学就好，不要一天到晚吹“国产视效大片”这个概念了，略尴尬']"
无间道,9.2,890195,"['牛就牛在，他让所有演员都达到了巅峰', '当年我深刻的爱上了梁朝伟同学', '我还是不能理解为什么美国人可以这么无耻直接拿本子过去拍出烂片还得了奥斯卡但是不给这部片子正名?', '“出来混，迟早要还的。” 别说，这种港片老爸老妈们已经欣赏不了了，就连弟弟一起看都没坚持看完，哎，我说，片子都这么牛逼了，对你们来说却成不了经典，叹息。', '最后那一下爆头，刘德华和梁朝伟的眼神里都是震惊，他死在电梯里，电梯门来回的开关，我们也从震惊中恢复，觉得残酷，谁说的，好人有好报，那些为民除害的，都死了。会有人惦记着他们吗？把他们视为英雄吗？又有什么用呢，这个社会还不都是恶人当道。']"
龙猫,9.2,923166,"['那音乐壮丽的响起的时候，觉得心里被一种温暖充满，然后实在控制不住眼泪了，不是因为伤心，而是因为，它给人的感觉，实在美好到无法表达了．', '龙猫，好烂漫的幻想。\n消失的乡下风景、慈祥的爷爷奶奶、嬉笑追逐的儿时玩伴，是童年最纯真美好的回忆。', '如果你在下雨天的车站，遇到被淋湿的妖怪，请把雨伞借给它，你会得到森林的通行证哦', '人人心中都有个龙猫，童年就永远不会消失，爱是最美的拥有～\n\n★★★★★', '宫崎骏真是个内心柔软的天才。能给这个残酷的世界这么多温暖。龙猫真像童年时的一场梦，长大之后似乎忘记了，突然看见它毛茸茸的身躯，就想起了所有的奢望。这大概就是我们得以在孤独中相互告慰的东西吧。无论怎样，成熟都是一场病，而能够治愈它的，大概只有对这个世界最温存的渴望。']"
教父,9.3,674622,"['2010-02-17 看过。对权力有清醒的认识才能写出这样的剧本。只知道引用台词或把此片当作所谓“男人圣经”的观众退散！', '当一个新生儿在教堂接受教父的洗礼时，教堂之外的死亡正在蔓延……', 'to所有男生：别想太多。你们都不是马龙白兰度，不是阿尔帕西诺。', '""Because a man who doesn\'t spend time with his family can never be a real man.""', '平缓的节奏蕴藏着巨大的权威和张力，音乐舒缓淡淡忧伤，利益博弈人性冲突。无论是演技还是镜头、音乐的运用，都给人以一种美的享受。而看这部电影是极其需要沉下心来细细品味，也无论何时翻出来重温都能有新的感受。★★★★☆']"
当幸福来敲门,9.1,1103516,"['看到开头就知道结局，不过这并不重要，重要的是过程。。。最感人的不是赢得职位，而是在厕所里捂住儿子的耳朵。。。作为一名容易感情用事的中国观众，感动比励志对我来说更重要=。=', '如果能让自己不再为光阴被虚度，才华被耗尽而流泪，如果能让自己坚定，“我不要似是而非的人生，我要自己做的每一件事都刻骨铭心”，那么这场狂热便是得其所，记住这永远不是最差的人生。', '不是幸福来敲门，而是死皮赖脸敲幸福家的门，直到幸福来开门', '我一直记得，有人对我说：当你迈过这个坎之后，你会发现，还会有什么不可以面对的困难。', 'There is no ""why""\u3000in happiness, there is an ""I""\n里面立志的桥段很多，比如说打篮球时候威尔对他儿子说的话.这是中国父母需要学到的...尽可能地给孩子一个美好的世界.']"
怦然心动,9.1,1286646,"['外公说的话：有些人浅薄，有些人金玉其外败絮其中，但是总有一天，你会遇到一个绚丽的人，她让你觉得你以前遇到过的所有人都只是浮云。片尾曲Everly brothers的Let it be me很好听。', '我看完后也对这女孩感触特别深，她独立而勤劳，恪守自尊但又不敏感到浑身长刺，正像邦妮另外一条说的，没有那个男孩，她也会生长得很好。对于成长电影来说，它对孩子和家长都很有教育意义，不论面对挫折还是爱，它都有非常正向的可贵的价值观。', '某山渣树怎么好意思说自己是史上最纯？？！！！！！ 这个真打动我了。。。女孩是第二眼美女！！！！！！！！！！', '上学的时候早恋，父母反对；上班了不恋爱，父母反对。你真是羡慕人家老外啊。', '当你喜欢我的时候，我不喜欢你；当你爱上我的时候，我喜欢上你；当你离开我的时候，我却爱上你；是你走得太快，还是我跟不上你的脚步……']"
触不可及,9.2,721208,"['音乐真棒，看到最后有些意犹未尽。很舒服的电影，故事有趣又会带些感动。两个完全不同世界的人，因为教育、知识、习惯等各种不同造成情节冲突及笑料；而彼此的影响和同化则是感动的部分。对于菲利普来说，有时需要的未必是小心翼翼的服侍，而是像对待普通人一样的无歧视对待。', '开怀大笑一整场，最后却蓦然飙泪。身份、地位、财富、性格、教养、爱好、年龄，各方面皆如此悬殊的两人，磁场却契合完美。无论爱情友情，所谓好的、有爱的关系，是两个人都在关系里感到开心融合、自由释放、并因而成长。什么是灵魂伴侣？这，就是传说中的，灵魂伴侣。', '轻松诙谐，很有趣的搭档故事。但叙事浮于表面，人物塑造脸谱化，故事缺乏真实感（尽管是据真事改编）。弗朗索瓦·克鲁塞和奥玛·赛的表演动人，但受剧本限制人物缺乏层次。过分中正的温情。3.5星。', '毫不基情的友情片！', '我想每个人都至少有这么一个挚友，你和他/她在人生的拐点遇到，惊叹于彼此的不同或者相似，有过不少平淡无奇却值得纪念的时光，ta会将心比心，为你的哀伤扼腕，为你的快慰击节，更会在ta的心里，为你留下那么一块永恒的位置，任白云苍狗，风云变幻。 ']"
蝙蝠侠：黑暗骑士,9.2,743493,"['诺兰接手后蝙蝠侠和其它漫画英雄片完全不是一个等级了', '赞誉众口一致夸上了天，百闻不如一见，这种连环画超级英雄故事居然能扯到第六集真是要把编剧逼跳楼了，最后呈现的暗夜骑士全然超越了原著，悲怆到迷人的境界，着实是个奇迹。剧本确实很卓越，导演确实很出色，还有演技真是不得不叹服一下太tmd震撼', '蝙蝠侠、双面人和小丑这三个形象把人在善恶两面的矛盾及选择映射得淋漓尽致，于是成就了史上最佳漫画和英雄电影。时光网：“诺兰让关于艺术片和商业片的讨论变得毫无价值。《黑暗骑士》不但拍出了古典悲剧的感觉，还探讨了恐怖主义、越界权力等美国当代的热点话题。最关键的是，电影好看得无懈可击。”', '整部片子，逻辑混乱，剪辑无序，故事情节夸张。看完我只记得那个犯人把炸弹控制器扔入船外那一个片断。', '伟大之作,与其在文艺片里奋战,不如像这样提升商业片的水准!']"
控方证人,9.6,291951,"['当结尾旁白说“影院友情提示，为了保证您没有看过这部电影的朋友，有机会获得更大观影乐趣，请您不要像任何人透露这部电影的结局”时，真爽，这个电影真是骗足了同情心，飚足了演技，压足了节奏，然后唰唰大释放。一场英国男人和德国女人之间爱情与欺骗的故事，现在才看，对不起比利·怀尔德老人家。', '男人贪心，女人贪爱', '好片遇上好字幕~爽', '查尔斯劳顿简直是戏精！比利怀德的电影和阿加莎克里斯蒂的小说都是在结尾峰回路转，此片简直是两位大师珠联璧合的杰作！', '五星级结局，难以置信这是1958年的黑白电影！']"
活着,9.2,578361,"['能活在现在这个时代其实还是很庆幸的了，虽然天朝依旧威武。', '个人认为是张义谋最好的电影。', '活着就是受罪 活着就是劳累 \r\n活着就是互相折磨 活着就是不对 \r\n活着就是受罪 活着就是劳累 \r\n活着还得互相安慰 活着就会憔悴 \r\n活着就是受罪 活着就是劳累 \r\n活着就得拼命挣扎 活着就得干脆\r\n——尹吾 你笑着流出了泪', '一个时代有一个时代的悲哀和可笑，你能在别人心酸的故事中读出些许温情，也能从自己的平凡中领会些许荡气回肠。电影少了原著的惨烈，但那种好死不如赖活着的悲凉还是存在的。', '国家走了一小段弯路，对于一代人就是蹉跎了一辈子。生活不易，还是得这么活着。笑中带泪，死人堆里暗暗许下活着的誓约，可谁也不曾想大环境下生活的艰辛。国师在第五代导演最好的时期奉献了极其有温度的作品。经年以后，鹤发的富贵摇着蒲扇回想那天不让有庆上学，少买几个馒头就好了，可生活不曾回头。']"
乱世佳人,9.3,495928,"['请上帝保佑那个真正爱你的人吧，你把他的心都揉碎了。', '也许每个女孩子心中都有一个艾希礼，只有经过时光才发现真爱原来是班瑞德。', '整整4、5个小时啊，看到我中途昏死了过去。郝思嘉最后的那句“tomorrow is another day”鼓励了多少脑残志坚的女性呀！（包括我在内）', '至今记得亚特兰大的战火中她奔走的背影，裙裾摆动。她的野性和骄傲，坚强与倔强，不甘弱示或屈服，瑞德与她是相似的。如果瑞德爱上的不是郝思嘉，一定不会掉进那个自掘的陷阱里。对于郝思嘉佩服之极，对于瑞德，感动了，且唏嘘而惋惜。', '一定要看啊,我喜欢斯加丽那种几乎有点蛮横的可爱感觉.甚至可以为了达到目的不责手段,要么爱她,要么讨厌她.她在贫瘠的大地上拿着一根萝卜说(这个,好象很搞笑)""我对上帝发誓,我再也不要挨饿!""我爱上她了!']"
寻梦环游记,9.1,1087822,"['死后世界还是这么三六九等，穷逼死了还是穷逼，那还不如被快点遗忘消失掉啊！', '广州试片会。主持人在现场透露：Coco原本涉及到亡灵题材，是不能引进的。但是在过审时，当场看哭了所有广电审查人员，so破例让过了。。。', '供奉的遗像是牵引家人回家的通道，驻留的记忆是保持亡灵存续的神力，热闹的音乐是唤醒思念启封的药引。我为你写了首歌，穿越浩瀚的岁月烟尘，捱过冰冷的孤独冬季，横跨漫长的天人之路，在你老去的时候，唱给你听。这瑰丽的灯火万家，摇曳的烛光千盏，不如你梳着麻花辫坐在床头时，眼里闪烁的星光璀璨。', '邻座的女孩哭倒在我怀里啊电影多么美妙！', '老人不图儿女为家做多大贡献呀，一辈子不容易就图个团团圆圆。皮克斯替蔡国庆唱了回春晚。']"
末代皇帝,9.2,526559,"['溥仪登基之初的十六抬大辇，和片末游行时红卫兵扛在肩上的毛泽东像，讽刺意味浓重。感觉导演还想告诉我更多的东西。但我更多是对这位末代皇帝的同情，还有艳慕。。。好喜欢大被同床的双飞镜头。', '不偏袒的好片儿！一个进自己原来的宫殿还要买票的皇帝。', '所有的离开你都赶不上，所有的门你都打不开。所有的人都是撒谎者。', '他痛哭流涕追阿毛、失魂落魄追婉容，但始终追不回那昔日辉煌的时代。他反抗太监偷窃文物、反抗日本傀儡操控，但终究反抗不了自己跌宕唏嘘的命运。他做了一辈子囚徒，在紫禁城在满洲国在抚顺管教所。终于买了张观光票，在赤色余晖中蹒跚进入太和殿。须臾一世，只有那皇座下藏着的蟋蟀，还认得他是帝王。', '有史以来一部最地道最出色的中国电影，居然，Made By Italian～']"
摔跤吧！爸爸,9.0,1131748,"['阿米尔一人饰演男主角19、29、55岁三个人生段。他首先完成了19岁的戏，然后疯狂增肥，一个月时间变成了体重194斤的55胖大爷，拍完老年戏后，又用5个月的时间疯狂减肥，回去拍29的戏！所以：为什么要这么折腾自己？直接拍完29再拍55不就好了？阿米尔说：那样我就没有动力瘦回去了！', '根据真人真事改编，讲述印度一块女子摔跤金牌的诞生。剧情热血逗乐，竞技惊心动魄，挑不出什么毛病的宝莱坞电影，父女情尽在不言中。阿米尔·汗太敬业了，为了一闪而过的几秒就把自己的身材从肥胖练成魔鬼，好演员都是用生命在演戏啊～', '豆瓣文青们可能已经成功被白左的西方政治正确洗脑了：不放在具体语境下，以西方女权衡量一切本来就是一种偏见和武断。在整体状况还不如中国的印度，本片已经适当地展现了一种进步的女性生活方式，即便在父权的引导之下。让符号化的解读蒙蔽影片传达的真情实感，令人感到可悲。', '关于本片价值观－不看社会背景就评判三观就是耍流氓。在印度的社会状况下，女性是没有自由选择职业的氛围的，先破才能立。就像片中父亲对女儿说的－你不是在为你一个人战斗，你要让千千万万的女性看到女生并不是只能相夫教子。最后，这场斗争的意义早已超脱出父亲一己的梦想，升华了呀。', '这么好的一部电影。。弄得这踏马什么破译名。。听起来像儿童片似的。。']"
指环王3：王者无敌,9.2,547398,"['即使在一起喝过多少次酒，逛过多少次街，掏过多少次心窝，共度过多少时光，许多人还是没能拥有一个能背起你从地狱走向天堂的朋友——山姆。', '为什么我不爱看指环王', '骑白马的不一定是王子，是甘道夫；精灵战斗的时候，导演不会毁了他的美貌，别提莱戈拉斯了；裹着蜘蛛丝的弗罗多就像埃及艳后克娄巴特拉；胖子是重要的，他们可以背你；俩人被困在末日火山上，我说要有鹰，于是有鹰了；我差点以为阿拉贡要迎娶莱戈拉斯；弗罗多和山姆是真爱，绝逼的真爱。我要再看原著。', '与咕鲁相比，弗罗多是幸运的。他具有别人无可比拟的强大的纯真力量。但他毁灭了魔戒，却无法清除内心被唤醒的邪恶。谁能说在故事最后他远渡海外，不是一种高傲的自我放逐？也许在索伦被消灭的那一刻，他也明白了邪恶的不可战胜。只是不得不与之抗争是英雄的使命。', '我就不明白甘道夫升级为白袍巫师了怎么不爱使魔法，改成肉搏战士了。一直期待他使一招毁天灭地……']"
何以为家,9.1,669533,"['人类究竟为什么对生育有这么大的执念？', '在欧陆人民面前，中东这样的超级人道主义灾难本身就是泪点满满。这样的题材如果是纪录片会更具力量，但想想如此年纪的男主及孩童们居然可以“演绎”得如此逼近现实，女导演的确强大。另外强烈抄送国内逼婚逼生一族。', '努力挣钱好好读书，不要穷到只会做爱生小孩（边看边骂《审判日》，比《审判日》更《审判日》）', '见过游乐园女神被扒光，洗过沾了鲜血的衣服，听过蜘蛛侠变成蟑螂侠的传闻。才知道美丽会变丑陋，纯净会变脏臭，英雄泯然众人，自己却无能为力。把童贞交给世界，用匕首刺穿丑陋，靠起诉状告父母，挤笑脸嘲弄命运。赞恩把婴儿交给男人，才明白自己谁都保护不了。他就站在破败的街角，仿佛人生走到尽头。', '前100分钟拍的没有任何一丝赘笔，冷静利落，最后20分钟稍有煽情过度，但也是在合理范围之内，小男孩的演技已经超过当年的柳乐优弥，戛纳最年轻影帝马上就要诞生了。']"
少年派的奇幻漂流,9.1,1036287,"['语言匮乏。就想搬个板凳坐电影院门口跟行人说：来嘛~', '不得不承认，跟要讲的漂流故事一样，电影有个挺吸引人的3D开头。中间开始乏力，大段大段重复的明信片场景，呼唤神灵喊妈妈。至于所谓的黑暗版，这种流于表面、直接扔给倾听者（观众）去选择的方法，真的很独到吗？信哪个会提升你的人生感悟么？？反正，它是影响不了我对影片的失望', '整座岛上都是丁满！！！', '【狐獴】，艺名丁满，出道时因自身面部表情傻不被业内看好，一直无名，早期作品有《狐獴大宅门》、《狐獴国度》。94年因参演《狮子王》名声大噪，后与疣猪彭彭发行单曲《哈库拉·马塔塔》，并出演电视剧《彭彭丁满历险记》，全球热播。近期，它又在《少年派的奇幻漂流》有着出色表演被更多观众熟知。', '深邃阔海，浩缈星空，绝境谕旨接踵而来，漩流深处响起弥撒之音。李安从来都不会纵情，他只是个温柔的人，腼腆着讲述内心的哲学。']"
飞屋环游记,9.0,968833,"['最后那些最无聊的事情，才是我最怀念的。', '我心中的结局：就在老爷爷被勒令搬进养老院的第二天，来接他的人发现老爷爷静静地坐在椅子上，手中拿着还没充完的气球。他已经死了，脸上留着幸福的笑容。飞屋冒险只是老爷爷死前的幻境。至此影片结束。', '有史以来最强壮的老爷爷和最轻便的房屋~一群最不靠谱的狗和一只引人发笑的怪鸟~外加一位惹人喜爱却戏份不多的老奶奶，组成了一部我大爱的好片！', '从头哭到尾', '史上第二彪悍钉子户的离奇拆迁故事。Pixar完美地成熟了。']"
十二怒汉,9.4,329522,"['情节展开的不错，但是戴维斯主张的部分都只是模棱两可的推测，实际上挨个求证这些东西之后，孩子有可能是凶手，也有可能不是。只是控方的初期工作没有做好，辩方的交叉质询没有做好，案子应该重新调查，而不是简单的判决无罪。\n\n看到有人截屏引用这个十一年前短评做庸俗群众代表我很荣幸。\n\n现在我要补充的话，会说，权利机关的失职是一回事，合理质疑没有毛病，但结局判决无罪是有毛病的。因为不管群众是盲从机构推测，还是盲从男主推测，都只是被碾压。文艺青年批评我追求真相庸俗，那么只要和机构观点相反就行，接受无罪结局才是公平和正义吗。', '其意义不在于“无罪”的结果，而在于整个辩论过程，那是关于人类和世界的哲学大命题，借助12陪审团之辩，对个人和集体，个人和社会，真相和怀疑，等级和尊严，意见和理解，理性和情绪，坚持和盲从，法律和良心，激情和冷静，大胆假设和小心求证等命题，进行交流和探讨，那是火花四溅的碰撞，直指人心。', '“我们会来这里，不是来吵架的。我们肩负着重责大任。我一直觉得这就是民主社会的优点。我们收到信，被通知要来这里，决定一个跟我们素昧平生的人到底有没有罪，不论做出什么样的判决，我们都拿不到好处，也没有损失，那就是我们的国家能这么强大的原因。”精采！剧本、导演、演员个个出色★★★★★ ', '傻了B了，竟然先看介绍，结果观影过程觉得影片本身十分做作。', '偏见，合理的怀疑。任何时候都要保持怀疑的能力。最后，当意见终于统一，每个人默默地穿上外套，离开，桌子上是刚刚一个半小时内发生的巨大震荡留下的痕迹，烟灰缸，纸团，凌乱的纸张，笔，还有那把刀。经过这些震荡后的十二个男人，不管之前是多么的抱着偏见不放，此刻都闪着光。这是人类进步的光芒。']"
鬼子来了,9.2,446442,"['“你是我的爷，我是你的儿！”这辈份够乱的', '陆川快来学习一下牛叉电影是怎么回事吧，不卑不亢不装逼，爱姜文', '一刀刘、二脖子、马大三、四表姐夫、五舅姥爷、六旺、七爷、八婶子、小碌碡...', '十部南京也抵不过一部鬼子来了。', '结尾那颗唯一上色的人头']"
天空之城,9.1,614903,"['时隔十年重新看这部动画片，被海盗老婆婆那句“头发被剪掉了才是大事”感动得乱七八糟。对于一个女孩子来说，什么金钱散尽啊什么历经苦难啊都被这几个字淡淡抹掉，小小一句话简直就是箴言。', '佩服宫崎骏的想象力，电影中的某些情节还历历在目，是部非常不错的动漫电影，弦乐很动听！', '多年后重看天空之城才能更加明白，宫崎骏对细节的处理的用心不仅仅是一时的感动你，宫崎骏能通过他的作品来让你逐渐明白生活的可贵，来明白爱与和平的作用。但就……还是早恋！', '我看这部一直会哭，看了几次哭了几次，也不知道为了什么。总之，一看到手臂长长的铁皮人寂寥的站在那座城中，就控制不住了。', '宫崎骏的一大代表作，不论是剧情，音乐，配图。节奏都非常好。看了好几遍。值得看。青涩的友情爱情，抉择。很纯情。尤其喜欢钢琴曲，不得不说。久石让与宫崎骏绝配']"
素媛,9.2,451526,"['""最孤独的人最亲切，受过伤的人总是笑的最灿烂，因为他们不愿让身边的人承受一样的痛苦"" 从素媛到素望，生活有阳光才有希望，可可梦是全片最治愈点，哭成傻逼。“我总想睡一觉就能回到过去，可早上起来发现，还是没有任何变化，太伤心了...以前奶奶说，哎哟要死要死了，这大概就是人活在世的意义”', '爸爸知道女儿介意排便器的塑料声为她准备装满塑料包装纸的糖果小包，女儿知道一直跟着身后的可可梦是爸爸。', '看前面的惨剧其实会略反感，总觉得在消费别人的苦难。好在故事的重心在治愈与亲情，这也是最感人的部分，尤其父亲第二次扮人偶，太催泪了。', '1，现实还是那么恶心，家人和童话让我们活下去。2，如果心灵得不到安慰，再公正的判决也终是悲剧。', '难得的是没有利用亲情过度煽情，也没有过分纠缠于法律漏洞，避开了韩影最爱用的两个梗，而是更多的聚焦在创伤之后一家人的心理状态变化。重创之后生活始终继续，但你能选择如何面对。此片的所有感动点是来源于细节中和一家人共同努力渡过难关表现出来的积极心态，感动之余，倍感欣慰。有几处台词真心好']"
哈尔的移动城堡,9.1,708293,"['目前为止觉得哈尔是宫崎骏作品里最帅的男角', '看了这个电影就想要一个家。擦地板，在阳光下面放上铺着干净桌布的餐桌，还有照顾小火苗，就如同守护爱人的心一般。', '虽然它确实不如宫崎骏的很多作品，也不是最受欢迎的，但却是我最爱。每次响起俩人初遇时在屋顶跳跃的那段音乐，都觉得莫名的悲伤。也正是因为这种感觉，它才是最爱。', '你的头发染上了星光的颜色……\n爱的颜色……', '宫老唯一采用的美男主~~千年一见']"
大话西游之月光宝盒,9.0,874056,"['当他奔赴一切穿越时空去拯救自己的爱人~~原来只是为了与另一个人的遇见~~', '莫文蔚趴在地上时说了一句话让我很感动，她说，我找到了一个和你很像的人。', '2000年。周星星结尾背着金箍棒转身时看得流眼泪。', '逢年过节必放必看的经典 我记得片子里最后一句台词是：“你看那个人，好奇怪哟，象一条狗。” 多少的唏嘘感慨啊', '【B+】小时候电视上看过很多次段落，却没完整看过。其实我喜欢晶晶姑娘多过紫霞']"
天堂电影院,9.2,479223,"['看来我要少看电影了，我的人生才是我经营的重点，电影终究只是电影啊~~', '没有结尾的热吻，这部片子就只能是还行', '出去闯荡吧，永远不要回来，不要打电话，不要写信。我不要在这里跟你谈话，我要听别人谈论你。。。', '如此美丽，如此悲伤。那些吻戏，那些青春，都在影院的黑暗里被泪水冲刷得无比清晰。', '生活和电影不一样，生活比电影难多了。']"
罗马假日,9.0,709766,"['没有看过这个的经历会显得自己太无知老土，看过了，觉得真是金童玉女啊，真是令人向往的爱情啊！真是......尽管看完了该无知还无知，老土的也没变洋气，毕竟主人公那长相那气质不是几个整容手术几部电影能成就的。', '因为罗马，所以经典。因为短暂，所以永恒。顶着锅盖说一句：其实赫本的气质大过演技～', '没觉得奥黛丽·赫本特别好看，相比更喜欢费·雯丽~~', '赫本，无与伦比的美丽。', '当他把手伸进去，她的表情美丽极了……']"
闻香识女人,9.1,617796,"['当我心中的正直感逐渐淡去之时,我庆幸我看到此片.', '或许是因为年代久远，会觉得故事略显老套，但并不影响影片带来的强烈感触。问题不是哪条路是对的，问题是，你敢不敢走？人即使身残，也应保持灵魂的完整，因为灵魂没有假肢。★★★★', '美酒佳肴衣鬓香影，一曲绝世探戈，尽情绽放然后死……连自杀都这么浪漫。片名叫人没有看的欲望，看完却觉得再适合不过。你我身边都可能会有这样一位愤世嫉俗自以为是夸夸其谈的老顽固，在他身边多呆一秒都是折磨，然后某一天发现他身上的优点比你所能想象的更多。', '气场强大Frank。“你正扼杀了这所学府所坚持的精神，真是耻辱。你们今天给我看的是什么秀？唯一有格调的，坐在我旁边！我可以告诉你们，这孩子的灵魂没有被污染！”“灵魂不可能有义肢。你以为你只是把这好青年像落荒狗似的送回家，我说你是处死了他的灵魂。”', ""刚开始，我觉得阿尔帕西诺演得有些用力了。但是看完，我觉得他就应该这么演。甚至那个年轻人O'Donneil也被他带动出极好的水准。探戈，演说。几近完美的一部片子。""]"
哈利·波特与魔法石,9.0,677180,"['花了8年才看完这部电影....', '作为HP系列的开篇，算是合格完成任务，对人物的交代都很清晰，在许多分裂的HP其他几部，这一部是最忠实表达魔法世界的异彩纷呈的，在交待情节的同时仍不忘学院里的幽灵，会动的画像和楼梯，这在后来几部都几乎没有了。', '一整个世界被打开了的感觉啊。', '这部电影是刚上中学过最后一个六一的时候，学校给放的，太久远的记忆了。作者天马行空的想象力，电影精妙绝伦的现，让我第一次对想象中的“魔法”，有了一个具象的观感。虽然那是一个虚拟的世界，但是我不会忘记那份感动和震撼。九又四分之三站台，分院帽，格兰芬多，魁地奇，都是最精彩的记忆！', '演员最好看的一部。']"
辩护人,9.2,442627,"['重要的不是这个电影拍的如何，而是韩国电影人在拍这样的电影，韩国观众在看这样的电影，没有审查阻止、禁止、扼止你拍，没有无形之手阻止、禁止、扼止你看，这，就是民主。韩国电影这20年的迅猛发展，离不开韩国电影人的勇气和毅力，中国电影人应该有胆量在一块更大的画布上，言说我们这个时代！', '2013年韩国到底要生产多少部在中国是绝对敏感题材的电影，《恐怖直播》《流感》到这部《辩护人》，都是在最后半小时爆发，掏空灵魂的让人陷入深思…影界良心！电影的现实意义大过电影本身，前1个半小时还是有些难代入剧情，好在撑到了结尾，并对“点名”煽术毫无抵抗！', '如果在影院看这部电影，我会起立鼓掌，只是不知道有生之年有没有在中国影院看到这样电影的机会。当我们在自卑到狂妄的心理下吹嘘自己贬低邻国时；当我们对一切黑暗和罪恶习以为常并理所应当时；当我们成为这些行为的帮凶时...我们闭上眼睛装作看不见，其实已经落后人家30年，并且差距只会越来越大...', '一部改变现实的电影：釜山地方法院于2014年2月13日对“釜林事件”进行了二审宣判，判决5名被告人无罪，距离一审判决时隔33年。“因为国民不富裕就不能受法律保护，就不能享受民主，这种说法我是无法接受的。”——宋佑硕', 'OMG，这尽然是一部处女作。瑕不掩瑜，已经很棒了。被宋康昊那神演技弄得几度落泪，与其说是煽情，我倒觉得这就是演员发挥出来的功力见效了，入心。故事很有嚼头，真实事件改编，韩国军事独裁到宣扬民主的一个转折。结尾哭成傻逼了。另，韩影和韩剧真是出自同一个国家吗？Come on...']"
我不是药神,9.0,1513960,"['放在豆瓣语境下，是部时至今日终于拍出来的国产“高分韩国电影”。拿现实题材拍商业类型片，社会意义摆在那，群戏也处理得相当不错。对我们国家而言，这样的电影多一部是一部，走一步是一步。', '最大的病，其实是穷病。真的被感动了，整体都很成熟，也有些许韩片的影子。几个演员表演都非常出色。可看性和内在的表达都不错。这个世界最荒诞在于，越贴近真实，真实越荒诞。人这一生，太不易了。最后，王传君，加油哦！', '我就是想实名表扬一下王传君，内地青年演员里竟然也有这种会演戏并且很卖力的实力派演员，这要是搁在好莱坞，他能拿下一座奥斯卡最佳男配。像这样的现实主义题材电影，如果编剧不是韩家女，它可能连拍摄许可证都拿不到，过审更没戏，它在国内的审查制度下没有可复制性，像这样的电影，且看且珍惜吧！', '“你敢保证你一辈子不得病？”纯粹、直接、有力！常常感叹：电影只能是电影。但每看到这样的佳作，又感慨：电影不只是电影！由衷的希望这部电影大卖！成为话题！成为榜样！成为国产电影最该有的可能。', '三星电影，优缺点都很明显。多加一星是很佩服创作者戴着脚镣跳舞时挟带的私货，表面上其实很媚俗地迎合了审查，但同时又把所有的“不能说”都藏在了全片的各个角落，只露出来一点点让有心有共鸣的观众能够心领神会，就跟海斯法典时期的美国电影一样，给观影添了一层乐趣。']"
搏击俱乐部,9.0,637015,"['这种类型片很多，这也不是第一个讲述人格分裂题材的电影，不知为何评价很高~~', '一则极具颠覆性质的社会生活寓言.无能为力，无法改变现状，是现代生活中的癌症。虚无使人痛苦，使人希望借各种方式找回存在的真实感。然而现代人的精神悲剧就是，当他们自我搏斗、脱离了一种精神上的奴役的时候，不知不觉又进入了另一种奴役。影片自身所带有的一种不可言传的魔幻性与自我消解意味使它', '我要带我的女朋友去看炸大楼', '这就是神作！完美的镜头，丰富的特效，不可预料的情节，优秀但不装13的台词：我们还能期待从一部电影里得到什么？', '除了""人格分裂""，还可以从""本我、自我、超我""理论的角度理解片子，同时不要忽略单纯、不死、如影随形而又只具备原始欲望的玛拉。""本我、自我、超我""是我们每个人的人格组成部分，三者的生存主张各不相同，相处相斗、此消彼长，影片在讲我们所有人。最后道德枪毙理想携手欲望，并窃取遗产、继续生活。']"
死亡诗社,9.1,504331,"['看这部电影才知道，原来自己已经死去了好久，从某个不经意间被打破的清晨开始。', '开场精彩，中场尽显疲态，结局来了个绝杀，最后终于反败为胜，深入我心。凶手毋庸置疑是那个“船长”，他教会了学生追求快乐，但是却没有教会他们反抗，他教学生成为一个理想主义的诗人，却没有教会他们现实的残酷。充满理想的开篇却以悲剧性的事件结尾，理想终归要回到现实，并一直被现实压制。', '《死亡诗社》最后安德森爬上课桌那一幕哭得我稀里哗啦的，一个刚到口的龙眼就活生生地吞下去了。它和《孩子王》有一个同样的情境设定，但立意确实不同的。《孩子王》里“从前有座山”那段也是让我唏嘘呀。另外，《死亡诗社》的中文配音配得很好，不知道出自哪儿。', ' 哦！船长！我的船长！', '最后大家还是屈服了，但是永远不会忘记seize the day.']"
教父2,9.2,373697,"['74/47th 第一部是关于神化的智慧。第二部是男人的光辉与悲哀，以及意大利的传统家族观念在美国的狗屁价值观前节节败退', '两代人的对比，Al Pacino和Robert Duvall都太帅了，不同的是，父亲拥有家庭与荣华，而Al Pacino几乎失去了所有亲人。', '再次睡著了。。。', '罗斯之死是因为迈克赶尽杀绝的处事方式，潘坦居里之死体现着黑道规则，弗雷多的死则纯粹出于家族伦理。迈克在坚持父亲家族至上的价值观念，但时代的变迁使他的家族价值观无以为继，而缺乏亲和力的他也无法像父亲一样对自己的亲信恩威并施，这既令敌人与亲信都对他心生恐惧，也使他自己陷入孤独与偏执。', '【720P】这部电影告诉我们，为什么“富不过三代”——因为富二代们的生活总是很混乱。']"
狮子王,9.0,581149,"['“太阳所能照到的地方，都是我们的国土” 随时随地、再看百遍、都会感动如初的经典。', '败在“刀疤”没有反派魅力！', '我真的不覺得特別。', 'hakunamatata', '从此得知，原来动画片还可以是这样的……']"
指环王2：双塔奇兵,9.1,499613,"['LOTR都有意或无意地削弱魔法的存在。因为LOTR所要传达的是：即使是平凡人也能改变事情的发展趋势，即使是最微不足道的角色也能改变许多人的命运，而魔法对事物进程的影响，却在演员们本色的表演中渐渐被淡化，这也是为什么在三部曲中魔法仅仅以渲染人物心理变化作为某种基调存在，而非针对某样事物的实体了。FOTR的行云如水可称为“公路电影”，而TTT与其说是魔幻篇章还不如说是战争史诗。', '你能想象吗，彼得·杰克逊总共只花了2.8亿美元，就把《指环王》三部曲拍出来了，最后全球票房29亿美元，三部曲通通获得奥斯卡最佳视觉效果，还有一部拿了奥斯卡最佳影片。', '比第一部有意思，树人开闸放水冲毁艾辛格的时候，其中一个着火的树人赶紧把头伸进水里笑死我了，好萌啊。假如一开始魔戒就被丢到末日火焰哪来这么多战争和死亡，和异形一样，都是人类的贪欲，自作孽。', '“这个世上一定有某种善良，值得我们奋战到底。” 其实最喜欢这个第二部。第一部刚开始，很多故事还没展开，也没有大场面的决战；第三部大场面战斗又太过饱和，容易疲劳。所以第二部末尾的圣盔谷大战，承前启后，来的刚刚好，“各路神仙”先后登场对付萨撸曼军队，也看得最酣畅淋漓。', '第二部，树精很萌，甘道夫升级了，〔尊敬的用户甘道夫，恭喜你升级为vip1白袍巫师！〕→_→精灵王子吕秀才越来越帅了！']"
大闹天宫,9.3,278836,"['这个猴子是我们国产动画片的骄傲，但到了今天依然得指望着它说事儿～', '50年过去了，中国动画不进反退，还有比这更可悲的事么。技术上止步不前，创意上才思枯竭。一群羊和两只狼的故事都被反复翻炒出N部，悲矣；当年号称十年巨制制出一部宝莲灯，贻笑大方矣。现在小孩的物质条件比我们好了n倍，但是我仍然觉得当年的我们是幸福的，因为有这么多优秀的动画片陪伴成长。', '这个无须评论。', '向中国早期的动画制作人员致敬！', '1961年，中国大陆，全手工，此片原画历时4年，10分钟的动画镜头要画7000到1万张原画。文革时期此片被批斗为牛鬼蛇神，是流氓无赖的化身。当时运动每天都在升级，全国的“猴子戏”都被禁演了，万籁鸣也被关起来了。日本“漫画之神”，动画漫画始祖手冢治虫本人承认正是看了万氏兄弟的《铁扇公主》，他才弃医从事动漫事业，才有了后来的《阿童木》。中国的动画曾经领先亚洲，我绝对没夸张。9.5']"
窃听风暴,9.1,414859,"['饰演魏斯乐入木三分的名演员穆荷自己，在两德统一后去察看自己的“忠诚资料”，发现有长达六年的时间，每天向秘密警察报告他的言行举止的，正是他自己的妻子。 ', '我们总是歌颂从未发生过的事。', '2006年最佳奥斯卡外语提名。用自己的后半生成全了理想，沉默又坚定的男人，最后只得到“献给好人的奏鸣曲”。有时选择坚持自己的路，是用幸福去交换的。', '两条线，两个男人，两个故事，两个互相打捞的故事。丢了一个，彼此的人生都会沉入海底。当剧作家在街头，看到行走在人行道上的特工时，他本可以上前喊住他的。但是终于是没有。就像哈代所言，呼唤的人与被呼唤的很少能互相答应。他们最终选择了沉默地相互记录。', '国安局血的教训：千万别请文艺青年做秘密警察～']"
猫鼠游戏,9.0,582027,"['能让巨骗进FBI，这份惜才的胸襟才是一个民族强大的原因。', '事实证明，聪明的头脑永远可以赚钱。', '他离家出走，说谎，制造不同的身份开始光鲜亮丽的生活。他是智商超群的罪犯，但是他只是个孤独的孩子。在平安夜的时候打电话给抓他的警探，在平安夜被捕的时候拥抱着他说圣诞快乐，在听到父亲的死讯以后失声痛哭，看到妈妈的新家庭以后对来抓他的警察说你们带我走吧。他终究只是个孩子。', '艾米·亚当斯演了一个牙套妹', '他也只是一个伤心的孩子']"
指环王1：魔戒再现,9.0,562275,"['于我，魔戒永远是不可逾越的史诗。', '在拒绝好莱坞N年后，一次意外的走入影院，我成为了LOTR的死忠，总有一个绿衣服的弓箭手在眼前晃悠，我冒着花痴般的笑容，历史就此翻开了崭新的一页。', '每次看魔戒都会被奥兰度惊艳到~', '甘道夫掉下桥的那一刻，我真的落泪了……', '人性与其他生灵都有自身的脆弱性，所以，即使是选择了善，也有可以脆弱导向其他的方向，就像森林女王。更可怕的是，用恶的手段达到善良的目的，本质上的以毒攻毒，以恶抗恶，就像人类国王贡多的儿子，都是人类信念不够坚定，内心的力量越来越弱时产生的。 ']"
两杆大烟枪,9.1,443061,"['结构很精细。艾德输光了钱的时候，恍惚出门，扶着墙吐，很真实。一贯老实的厨子打劫前突然说，带把刀好：Guns for show,knives for a pro.——你是不是有什么不为人知的过去？我不知道是马上要打劫可怕还是你的过去可怕。', '没有人尝试那个卖假JB的想法么！', '我觉得这片儿里的小混混们都挺有型的.', '嘛叫编剧功夫？界就叫编剧的功夫！', '中国多少年轻导演在学这风格']"
美丽心灵,9.0,547122,"['所以说不要学数学,你就是不信邪', '幸运的是爱他的女人存在于真实里。', '我觉得你很有魅力, 你对我的主动性说明你对我有同感。尽管如此，传统的信任仍然需要我们在做爱之前进行数多次柏拉图式恋爱。我正在往这方面发展，但事实说来，我真正想做的只是尽快和你XXXX。', '是的，你必须学会分清哪些是幻觉，哪些是梦，哪些是真实的人生，才可以活下去。', '什么都好，除了《A Beautiful Mind》这个名字。\r\n']"
钢琴家,9.2,375814,"['最刺痛的是那被直接丢出阳台的坐轮椅的老人', '影片的结尾让整个故事的基调上升了几个层次，这并不是一部简单的反映二战反映犹太人与纳粹的影片。人性是很美的，当然，人生的际遇变幻各有轮回\r\n', '“我有件更暖的。”----Wilm Hosenfeld', '从此就喜欢上Adrien那张驴脸了', '爲何我會很憐憫那個納粹士官，至少他是鋼琴家的知音。']"
饮食男女,9.1,410479,"['看似最不能守住传统和孤独的人，坚持到最后。', '到现在才看这种基础款片子实在该打。吴倩莲的角色看得我如坐针毡。归亚蕾对小珊珊说：“小孩就嘴这么叼，长大必定嫁不出了。”镜头一扫吴，我才后迟钝地顿悟。问题或许甚至不在美貌和才情就在那份致命的骄傲。这才只是副线之一。李安这人坏到骨子里去了。', '老处女性饥渴献身机车男、约炮女遇渣男回头是岸、心机女挖墙脚嫁入豪门，老鳏夫暮年入花丛枯木逢春，李安导演，你牛。', '昨天把这片子掏出来又看了遍，过去十三年看了总有三十遍了。开始是看做菜，之后看吴倩莲和赵文瑄，现在净注意杨贵媚、郎雄的小表情和归亚蕾的口音。昨天才注意到，这片平均颜值高得吓死人：三姐妹及夫婿都清爽标致，41岁的张艾嘉笑起来还有少女感。', '看到最后，原来是老爸最猛~~']"
黑客帝国,9.0,563410,"['果真没让我失望~频频赞叹1999年人家的思维人家的意识 而咱都2012了还是爱构思古装穿越剧。。。', '为数不多看不懂的电影', '其中的哲学影响我的哲学道路', '有没有可能整个世界都是电脑模拟出来的，我们以及我们周围的一切也只是电脑中的一串代码？\n“你和所有人一样，生来就是奴隶，你生在一座自己感知不到的监狱”\n这种猜想已经足够震撼人心，但《黑客帝国》的深度还不止于此，它还在这个基础上提出了新的问题：\n你会选择蓝药丸还是红药丸？\n是选择美好的虚幻还是残酷的现实？\n表面上好像很好选，其实比我们想象中困难得多。\n一边是未来的末日世界，被饥饿和寒冷所摧残，还要面临被机器人追杀的危险；\n一边是温馨和平的年代，有蓝天白云、良辰美景，甚至还有成为成功人士的机会。\n的确，所有人都知道梦境再美好也只是梦境。\n但塞弗就是愿意为了区区一个梦境出卖所有人。\n假如我们真的逃出矩阵，体验到现实的残酷，也许我们会做出和塞弗相同的选择。\n正如当你做了美梦的时候，你宁愿继续留在梦里，不愿醒来。', '真是沧海桑田：那时候基努-里维斯还是清瘦小嫩肉，沃卓斯基姐弟还是沃卓斯基兄弟，诺基亚还是业界老大。']"
飞越疯人院,9.1,434313,"['Chief给我的启示大于墨菲。一旦打破缄默，那便是行动的语言。', '无论是现在还是在将来，疯人院和护士长化妆成各种形状潜伏在我们周围，飞越疯人院就永远有意义', '不可能飞越的，社会就是一个巨大的疯人院', '上大学时候看的,几乎是我从理想主义变为现实主义者的转折点.""现实是沥青水泥马路,想在上面睬一个脚印,比登天还难"".', '美国人为何会无端端诟病中国的人权问题？而我们又为何会觉得朝鲜人民生活在盲目的幸福中？正因为笼子外的人品尝过笼子内的人闻所未闻的自由。当一个人试图破坏笼子的时候，把他定义为疯子就好了。']"
本杰明·巴顿奇事,8.9,714560,"['你可以像疯狗那样对周围的一切愤愤不平， 你可以诅咒命运，但是等到最后一刻到来之时， 你还得平静的放手而去。每个人在某种程度上都对自己有不同的认识，但是我们最后都会去往同一个地方。只是走的路不同罢了。你也有属于你的道路。', '有种莫名的伤感。我们总会失去所爱之人，要不，怎么会感到他们有多重要呢。', '阿甘正传+大鱼+摩托日记+罗拉快跑+千岁情人+第六感生死恋', '你前进，我倒退，我们爱对方整整一个曾经。', '我们像婴儿一般来到这个世上,又像婴儿般安详的离去.留下的,也许都在最后与心爱的人眼神交汇那一个瞬间,从眼前飞逝而过的所有故事吧.']"
V字仇杀队,8.9,766506,"['忘却乃是苍生之罪过。有些人不愿意我们说话，因为尽管沉默代替了对话，言语却总能保持它的力量。它向那些愿意倾听的人们发出真相的宣告。而真相是，这个国家有些事情错得可怕。残暴、不公、歧视和镇压，曾几何时，你们拥有自由，可以按照喜欢的方式所思所言，今天你有了审查和监督，强迫你随波逐流。想', 'Behind this mask is a man, and behind this man is an idea. And ideas are bulletproof. 异常兴奋，爽到窒息。', '人民不应该惧怕政府，政府应该惧怕人民。现实和电影的区别是，他们没开枪。', '观此片，有种身临其境的奇妙。', '还好没摘，摘了就俗了，但是作为演员一直不露脸是不是很憋屈？这个角色80％是用声音塑造的，太TM深邃了好听了！主题很好，后面鸡皮疙瘩起的。。OST棒，尤其是中间有段弥撒曲太好听了啊！！']"
让子弹飞,8.8,1163030,"['因为对《让子弹飞》吹捧得无耻到惊世骇俗的地步，本短评已被和谐。', '叉着腰！牛着屄！嗨起来！', '一个土匪碰上一个恶霸的故事，讲得真……他妈的惊喜。', '仍然有浪漫的想象、癫狂的审美、极致的表演，然而姜文这次说，他要让所有人都看懂，于是他不放过对任何细枝末节的解释。当彪悍的人生开始解释，所以，情怀没了，诗意没了，理所当然。难道所有导演的审美都要假装去迎合观众而连带着水准一起拉低？好吧，那市场胜利了，这下子都能看懂，都能笑了。', '你给我翻译翻译，神马叫做TMD的惊喜！幽默、炫酷、西部片，自恋、隐喻、男性化，黑色、血腥、怪点子，卖腐、露点、性暗示，酒神、荒诞、神经错乱，草莽气息、英雄情结、革命浪漫主义外加一分的孤独。']"
看不见的客人,8.8,843621,"['大爷大妈智商这么高 家里娃却蠢到开车不系安全带 还tm发短信。。', '跟媳妇一起看的。看到一半的时候说了句最毒妇人心，指的那个情妇。后来看完，我媳妇特别藐视我，说了句男人都不是个好东西后睡了~。。我一脸尴尬~。。。总之。。。这是个好电影。', '开。车。的。时。候。不。要。谈。情。说。爱！ 系。好。安。全。带！（认真脸）', '律师是假扮的这个梗其实倒是不难猜。不过这不是重点。重点在于“叙述”和“真相”的关系。在缺乏物证链条的基础上，男主的每一次叙述其实都是自洽且成立的，但或许也都不是真的。这一点才真的引人深思。我们所认定和掌握的真相，又有多少是被叙述掌控的呢？', '西班牙人太热情了 在我们这房间里叫破喉咙都没人理的']"
西西里的美丽传说,8.9,703203,"['原来男孩子青春期是这个样子地，原来女人美丽起来是这个样子地，原来登徒子的沉默和中年妇女的疯狂是这个样子地……', '当你不再年轻艳丽，当你的丈夫回到了身边，那么你就成了那群丑妇的朋友。', '看到了人性的丑恶   更是看到了人性的光辉\r\n\r\n一个性启蒙时期的少年雷纳多   爱上了成熟美艳的少妇玛莲娜\r\n\r\n那些为了能见到她 为了能碰到她  \r\n而骑着自行车狂奔的时刻   像是在追逐自己的幸福\r\n\r\n那些因为看到别人诋毁   自己喜欢的女人   而去报复  的小动作\r\n\r\n那个在教堂里   虔诚的跪在圣象面前\r\n喃喃自语的说  在我未有能力照顾好她之前    请神一定要好好保护她   的少年\r\n\r\n那个亲眼目睹她因为生活所迫  而被迫 出卖肉体   去换取卑微的生活用品时\r\n看到她被那些世俗的男子拥抱在怀里   那种悲愤交加的心情 的少年\r\n个中掺杂的辛酸和怨恨 还有嫉妒  又有谁可以明白呢     这是一个少年最初的爱啊\r\n\r\n会记得那个女人被小镇人唾弃 侮辱  的时候   少年的眼泪哗啦啦的流着    就像那些难以言明的痛楚一样\r\n还有在月台上  少年看着自己一直爱的女人落魄的离开小镇时  那双洋溢着不舍和爱的眼睛里  目睹着火车的渐行渐远像是在把少年的思念延续到远方一样    我想  尽管火车带走了她    但少年那份爱    是任何时间和距离都无法跨越的    这个少年就是爱的如此执着   爱的如此刻骨铭心\r\n\r\n感谢导演托纳托雷   在最后把尊严还给了玛莲娜  这个曾被世俗所堙灭的美丽女人  在洗尽铅华过后  重返小镇  在广场上  在众人的诧异和谈论中   丈夫挽着她的手  她依靠在丈夫的怀里  目无表情的穿越过人群  那些曾垂涎并且无耻的占有过她肉体的男人们  看到她的那份淡定和从容不知他们会不会有所反思  想起片中的一句话  只有重返旧地   才能重拾尊严   这也许是对玛莲娜最好的褒奖    \r\n\r\n不得不提的是玛莲娜那位被误以为战死于沙场的断臂丈夫   在经历了一场因狂热的民族主义而爆发的战争后  带着已有残缺的身体和疲惫不堪的心 回到他的故乡或许生命于他而言  唯一还有一点希望的是  他一直以为他的妻子还有他们的家  一直在等待着他的归来   只是当他回到那个小镇  回到他曾经的家   却再也找不到他的妻子爱人  没有人告诉他玛莲娜在他离开之后所遭受的种种不平   没有人告诉他玛莲娜的下落  只有小镇的人对他的无尽的讥讽和嘲笑    他甚至必须和难民一起拥挤在曾属于他和她的温暖小家里  会想起电影的这些镜头   在沉默的黑夜里  他背对着镜头   沉思  尽管看到他的表情  但我想  那便是关于落寞的最好诠释   还好   有雷纳多的帮助  或许说是这为丈夫对玛莲娜的爱   让他去相信自己的妻子  在是非面前   依然坚定不移的相信自己妻子的人   这才是真正的好男人   再美好的花前月下的承诺  也比不上他在黎明之前踏上列车  去远方寻找妻子的动作   因为这才是真爱   我喜欢这个男人    他让我有理由相信   男人除了所谓的好色和花心以外   还有一种所不能获缺的品质  它的名字叫责任     影片最后    这个叫黎诺的玛莲娜的丈夫  用仅存的一只手臂  挽着妻子穿越所有的人   穿越所有的舆论和诧异   穿越所有小镇的人曾对他们夫妇的伤害   表情坚定就如他对妻子的信任和爱   看到这里   若是要我以一个词来形容这个戏份并不多的男人   我想到的是绅士   优雅的绅士   真正的男人    真正的好男人\r\n\r\n其实或许我应该把重点放在影片主角雷纳多身上   但我却不想对他做过多的评论  我相信  看这部片的每个人会以不同的角度去审视他看待他  我想说的是 在他的身上   我看到了一个少年在成为一位男人的过程里  在面对着所谓的“爱情”时  面对自己真正喜欢和爱的女人时   所有的细腻心情   包括很多看似荒诞但却真实反映人性的动作   也许这少年浓烈的感情里面   包括占有  嫉妒或许还有少年时对感情浓烈的企盼   但  请别怀疑   这个少年  对自己喜欢的女人的爱\r\n\r\n在雷纳多最后看到那个曾深爱的女人玛莲娜时   看到她也开始老了  胖了  开始有皱纹了   不再是那个穿着丝袜身着性感的美丽女子了  但我不怀疑他的爱会因为玛莲娜的容颜逝去  而有所褪减   也许是他成熟了  懂得了真正的爱   最后的镜头里   雷纳多骑着他那辆自行车   在向前行的同时  不时回头看渐行渐远的玛莲娜   也许这个细微的动作已足以说明他所有内心的爱    “好象要逃避似的  逃避的是我对她的一段纯真之情岁月匆匆  而今我爱上过许多女人  当她们紧紧拥抱我时  问我会不会记挂她们   我相信我当时的心里是会的   但唯一我从来没忘记的   是一个从来没问过我的人    她就是玛莲娜 ”   ---雷纳多  ', '有人深情的当做政治隐喻片来看，有人矫情的当做青春回忆片来看，也有人坦率的当做肉欲情色片来看。', '有人问我是讲什么的：一个青少年的性幻想和女人美到一个程度就会很悲惨（大概）。']"
小鞋子,9.2,288870,"['小演员表情无敌，故事朴素真挚，比赛一段过分煽情，结尾收得真漂亮。', '身体欠佳妈妈让孩子给疲惫的爸爸倒茶，富人爷爷给认真工作的爸爸丰厚报酬，富人弟弟和哥哥一起开心玩耍，爸爸赚了钱想给妈妈买电熨斗，哥哥想跑步比赛给妹妹赢得一双鞋，老师为经常迟到的哥哥求情继续上学，妹妹把心爱的鞋子让给另一可怜人家的女儿，这另一可怜的女儿把捡到的漂亮铅笔还给妹妹……', '没有一点刻意、展览、景观，老老实实地拍，可就是能抓人，令人反思——电影真的需要那些东西么？最后那个金鱼池的场景甚至带点禅意，又那么平凡朴实，让整个片子顿时通透明澈，怎么会这么好！', '当他知道他得了第一名却拿不到第三名的奖品时,他伤心的哭了.', '没钱不要养孩子']"
拯救大兵瑞恩,9.0,462551,"['如果没有办法想起他什么样子，就试着想想和他共渡的时光。', '战争电影No1，美利坚精神输出大片。', '厄本这个角色很有意思，懦弱，非常懦弱，还有一种可笑的浪漫和无知的善良。他才是你我他，对战争的残酷抱有一种可耻的畏惧，并对其有好心的幻想。可惜事实并非如此，战争就是你死我活，战争是考验勇气的时刻，而非善心。胆小的也许能活下来，但在战争中，你已经输了。而那些死了的勇士，他们才是胜利者', '为什么看中国战争片就感觉high得不行真想打一仗，看外国战争片就觉得战争真可怕和平多好啊。。。。再不在吃饭的时候看战争片了，太胸闷了。', '我心目中的永恒经典。不知道集结号借用了他多少情节。反正不少。']"
绿皮书,8.9,1095044,"['“如果我不够黑人，也不够白人，又或不够男人，那请你告诉我，托尼，那我到底算是什么人？！”——恭喜，你是最政治正确的人。', '肯德基年度推广大电影', '让人印象最深的片段是他们的车在南部的乡间小路上抛锚，和田里劳作的黑奴对视的那一幕，无声却发出巨响。', '肤色对调版《触不可及》，一场跨越美国的公路之旅，更是一场跨越种族与肤色、身份与阶层的人性之旅。\n所有下属都对唐毕恭毕敬，唯有托尼把他当普通人对待，给他吃炸鸡、对他说出真实想法。\n不把他当成黑人，才是真正不歧视他的表现。\n另一方面，唐又受到外人的歧视和侮辱，他始终忍气吞声，低声下气。\n听他演奏的观众可以在餐厅吃饭，而他作为表演者却不可以。\n正是托尼教会他反击，教会他为自己发声、捍卫自己的权利和尊严。\n在所谓“高级的、尊贵的”场所受到不平等待遇，反而在“低端的、卑微的”黑人酒吧获得尊重和支持，实在太讽刺。\n天才是不够的，唯有勇气才能改变人心。既然他都不考虑你的感受，你又何必照顾他的情绪呢？\n忍一时得寸进尺，退一步变本加厉。暴力不能让你赢得什么，但懦弱永远都是输家。\n正面对抗生活的恶意，才能战胜恶意。', '肤色、阶层、性格和性取向天差地远的两个男人，因为音乐而结缘，因为公路旅行而成为一生朋友。有时候才华并不够，还需要勇敢，推倒心中那面墙才能开门见山。电影就像一颗绿色小石子，投入黑白分明的美国社会，激起轻小而美丽的涟漪。虽然有刻意营造的温暖感，但我就是愿意买单~！']"
海豚湾,9.3,287020,"['看完确实很难受 但是其它被食用残杀的动物就因为比海豚低贱么...我也没办法真的素食主义..更别扭', '看关于环保，动保的纪录片的最大意义就是转化为自身的行动。现在这种片子很多，如果看到10部你还没素食我怀疑你是不是要人格分裂了。', '我觉得大部分看本片会有感的人，都不知道，中国的白暨豚已经灭绝8年了，也不会知道，长江里的江豚也仅剩1000左右了。与其感慨，咒骂日本人如何捕杀海豚，不如做些实际的事情，保护一下长江里的江豚吧，没几年，也将绝迹了。中国人做出来的事情，也不会比小日本好到哪儿去。', '海豚的微笑，是大自然最高明的伪装，这微笑让你误以为他们一直很快乐。', '数据和论证不足，削弱了说服力，更多是迎合普罗大众对正义、道德、同情心的情绪上的需求 （另外似乎在传达一个观点，海豚更高级，所以更值得活下去）']"
情书,8.9,655560,"['那些没有开口的告白，最终还是让你听见了。', '经不住似水流年，逃不过此间少年。彩云易散琉璃脆，水仙已乘鲤鱼去', '无论如何都会流下热泪的电影，五星又怎么够！', '翻过来的卡片，肖像，是初恋回忆的完美情书', '暗恋的极致']"
穿条纹睡衣的男孩,9.1,357632,"['这大概是对纳粹反犹最狠毒的嘲讽了吧，通过欺骗，杀害的不仅是“敌人”，还有自己的孩子。', '""突然镜头换到那扇黑色大门前，慢慢拉远。 \n如果你哭了。是为BRUNO对吗？ \n那么，shmul呢？""', '最后他成为了穿条纹睡衣的男孩。', '你还当这是一场游戏么？', '穿小短西裤衬衫背心的宝贝，眼睛像透明湖水能看穿一切的纯净。以为穿条纹睡衣的男孩会化作烟囱里的浓烟，可这么一个仓促的结局，大雨像硫酸一样砸向心脏。']"
海蒂和爷爷,9.2,281040,"['人至善，景至美，故事细腻，淳朴动人，人生本该如此，温情永存，何惧苦难？', '难怪看到片名有种莫名的熟悉感，看正片后才知道这与高畑勲导演、宫崎骏担任场面设定的动画片《阿尔卑斯山的少女》改编自同小说《海蒂》，简直惊喜到不行。……故事温情脉脉，风景怡情养目，一段醉我心脾的观影历程。……有时，我以为看过几千部电影，会审美疲劳，可当碰到心仪之作依然能看得身心愉悦。', '成功之处在于每个角色都很立体，都有优点缺点，海蒂不守规矩却天真可爱，克劳拉自私骄纵却优雅美丽，皮特淘气却耿直，爷爷脾气古怪却默默付出，女管家严厉却谨慎。山里的人没有那么朴实无华，“宫殿”里的人也没那么惟利是图。', '小姑娘很有灵气，给人的感觉就好像天生属于大山，光着脚奔跑在花草山峦中，风般轻盈，鸟儿般欢乐。电影中的感情都很真挚，也很友善，没有绝对的坏人，而且大家到最后都得到了所希望的幸福，这种幸福让观众看着也幸福。', '凭着取景在瑞士宛如天堂的阿尔卑斯山就值得打十星！！！我十分赞同曾经看过的一个观点：每个人童年时期与大自然的亲密接触是十分必要的，与自然相处你才会有更高的审美，才会在内心深处更准确的悟出人是什么活着是为什么这样问题的答案。对社会的认识越深，才会越发觉得返璞归真才最珍贵。棒。']"
音乐之声,9.0,430158,"['很棒的电影，唱段经久不息，流传至今。', '真希望世界像它描述的那么美好', '难以被超越的音乐剧经典~~', '从小看到现在，大概有50遍了吧。', '温情四溢、沁人心脾的音乐电影，经典的一塌糊涂。']"
美国往事,9.2,303133,"['一年多以后，我将它从四星改为了五星，期间未曾多看一遍。', '姜文的阳光灿烂的日子，杨德昌的牯岭街少年杀人事件，韩国的朋友都是模仿这部', '他的一生，是关于几个出生入死的兄弟，和一个美轮美奂的姑娘', '两场强暴戏毕竟是吃不消，男性的传奇之路上似乎最少不得的就是美丽而无人格的女性牺牲品', '有一种片子，伴随你走过热血沸腾的青春期，在成年后来看却又是另一番感受。在巴西，它叫《上帝之城》，在日本，它叫《大佬》，在韩国，它叫《朋友》，在香港，它叫《古惑仔》，在台湾，它叫《牯岭街少年杀人事件》，在大陆，它叫《阳光灿烂的日子》，最早的在美国，叫《 Once Upon a Time in America》。']"
致命魔术,8.9,612568,"['莫名其妙。', '孪生蝙蝠侠大战克隆金刚狼', '他选择了和他妻子一样的死法。100次。', '一个与同胞兄弟轮流上台享受欢呼与掌声，一个自我牺牲自我毁灭让复制品延续艺术生命。人性泯灭在狂热之中。', '诺兰是一个伟大的魔术师，谜底都在变小鸟那个魔术里了。。']"
低俗小说,8.8,604336,"['非线性的叙事电影的代表作。结构巧妙而富有深意，精彩的对白。片中每个人的身上都有着美好的品质，却都无可救药的走向了黑暗与迷茫。各个段落不分首尾，互补结构，开头和结尾相连，暗示现实中类似影片中的情节总在发生，永不停歇。\n台词：为什么我们一定要不停地说废话来维持气氛？只有当你找到一个真正特别的人时，才能闭嘴享受片刻的沉默。', '太正点了，那妞。。。\n', '事实证明，编剧恒大于结构。玩弄技术者必将悲惨淹没于日新月异中，新潮变做作，做作变老土。演员都是熟人，OST很好听。Travolta有点PITT的味道，昆汀大叔妒嫉他，竟把他写死了。讨厌拳击手，暴菊黑屋子太搞了。。Maria deMedeiros甜美性感小魔女——不是LES太可惜！', '我爱特拉沃塔的舞。', '昆汀有三宝，恋足，逼叨，配乐屌。']"
七宗罪,8.8,707843,"['里面的布拉德皮特帅的掉渣……', '决定永远不暴食', '多年以后再看，还是功力和锐气并重的作品', '故事看多后的后遗症就是一般最后半小时就知道结局了。。。', '阴沉而绝望。基督教用撒旦的七个恶魔形象来代表七种罪恶：傲慢，嫉妒，暴怒，懒惰，贪婪，暴食，以及淫欲。一个变态的宗教杀手，平时连一只鸡也不杀，但他找到了依据来实施对人的毛骨悚然的谋杀。有什么能比一个人做魔鬼的行径更为恐怖的吗？台词：“这是个美好的世界，值得我们为之奋斗。我同意后半句']"
沉默的羔羊,8.8,605892,"['如果汉尼拜尔教授不整天嘴上念叨着吃人，和他共进晚餐一定是世界上最迷人的事情。★★★★★', '正是因为米国没有卤煮火烧和烩羊杂，就连爆肚、溜肥肠，酱爆肝尖，火爆腰花什么的都没有，所以作为美食家的汉尼拔很尴尬，常常为了一份食材而绞尽脑汁，大费周章，其实。北京欢迎你，大可满足你顿顿吃卤煮的愿望。', '棒就一字，看完后记住那句话“勇敢的克拉丽斯，如果有一天你的羔羊停止了尖叫，你会来告诉我吗？”', '面对阴险、深邃、睿智的眼神，面对善良、疑惑、稚嫩的眼神，我同时看到了一丝迷茫与矛盾，对人性理解上的茫然，对自己内心世界与离经叛道的行为的矛盾辩解，他们对自身性格的了解都是那么的缥缈，这也许就是两人吸引对方的共通点吧！ ', '手指触碰的镜头好美！']"
蝴蝶效应,8.8,672574,"['我们每个人，都会幻想能够改变过去使目前的状态更好些，或者希望过另一种生活成为另一个人，这部电影反映的就是这种想法以及假如我们真这样做的结果。埃文不停的改变过去的选择，希望能够找到一个完美的未来。可事与愿违，往往导致更加悲剧化的结尾。人类对自己的认识一度忘乎所以，以为自己就是上帝，而最终仍将认识到自然的种种限制，但正是这种限制，体现了生命的意义、抉择和努力的意义。当我们回首往事，自然会对以往的错误感到懊悔，然而也正是这些错误、这些道路，成就了我们的个性；正是这些痛苦使我们感受到生命中的刻骨铭心。', '从他第一次的人生来看，其实他并没有那么喜欢Kelly阿', '古希腊的圣贤说“世界上最幸福的事实没有出生。”第二幸福的事是出生后立刻死掉。“', '阿什顿·库彻演技平庸，技巧浮夸，呲牙咧嘴、毫无特色。为什么他还老接到好剧本。', '★★★★ (2004-12-17) 其实比起电影本身，还是更喜欢那段影评：“量子力学的平行多宇宙解释说，在交叉小径的花园里，总会有一条道路，让人们在生命中的每一个节点都得到幸福，在那条完全幸福的道路上，有且仅有一个你在行走。\n这是多么令人宽慰啊，在每一次铭心刻骨的选择里，总有一个你选对了路，在茫茫的恒河沙数的宇宙里，总有一个你，终生幸福。”']"
禁闭岛,8.8,675822,"['非阴谋结局 泰迪确实病了 最后泰迪是被治好了 但他不愿活在痛苦中 因而假装自己又犯病了而去做切除手术', '结局是开放式的，随便你怎么演绎都有理。所以大概不能断定说看到一半就猜到吧。', '所有人都陪你玩，你好牛逼', '他到底会像怪物一样活着，还是会像好人一样死去呢？', '好吧，其实这是部*绝*对*不*能*剧*透*的电影。恩！']"
春光乍泄,8.9,454677,"['张国荣转过身抽烟的样子看的我酥掉了=。=', ' 张国荣死后，有一个女荣迷，在网上发了一片贴子，说到自己看到梁朝伟的情形，有一次梁朝伟到内地来演出，等演出完毕后她守在他出门的必经之路，等看到他和一群人走来，她便大声的哭喊道：“黎耀辉，你还记不记得何宝荣？”梁朝伟听到她的喊叫，停下来，朝她这个方向看来，然后点了点头，急匆匆地走了', '何宝荣。黎耀辉。如果你对一个人有特别的感情，你会更喜欢叫他的全名。', '最记得厨房中那一支探戈。', '爱一个男的还是爱一个女的尤其的不重要，只是爱一个爱上了的人……这个世界就完了']"
心灵捕手,8.9,502516,"['比起心灵捕手更让我触动的是男人的友情。“我每天到你家接你，我们出去喝酒笑闹，那很棒。但我一天中最棒的时刻，只有十秒，从停车到你家门口，每次我敲门，都希望你不在了，不说再见，什么都没有，你就走了，我懂得不多，但我很清楚。”', '我每天到你家接你，我们出去喝酒笑闹，那很棒是我一天中最棒的时刻，只有十秒，从停车到你家门口，每次我敲门，都希望你不在了，不说再见，什么都没有，你就走了，我懂得不多，但我很清楚。 ', '天才电影什么都是大呐叽', '经历没有埋没我的才华，却抹杀了我应有的自信，我被吓坏了，成长出一腔的狂妄自大，我赖以这种方式保护自己，终于等到一句：这不是我的错。', '你年轻彪悍，我如果和你谈论战争，你大可以向我大抛莎士比亚，背诵“共赴战场，亲爱的朋友”，但你从未亲临战阵，未试过把挚友的头拥入怀里，看着他吸着最后一口气，凝望着你，向你求助。不要以为，我了解你。也许我可以通过“知识”来看你，但那不是你，除非你愿意谈谈你自己，否则我不知道你到底是谁']"
布达佩斯大饭店,8.8,637995,"['《布达佩斯大饭店》，配得上太多赞美的词汇，但是电影最后的十几分钟，我内心感到了一股深刻却难以名状的悲伤，想了好久，也想不明白是为什么。走出电影院，感觉就像做了一场梦一样，似乎历历在目，却又难以言说。', '这不仅仅是一部电影，它是游戏，是童话，还是一件艺术品，将作者化的美学风格、形式感和怀旧的主题完美融合！无论从故事、剧作、主题和美学，它的辨识度都只属于自己，对于韦斯·安德森的粉丝，这是杰作！', '非常好。像一杯温暖的热可可，做得如此甜蜜却又不轻佻，好多台词和段子都有所指涉，却又浑然天成，不像在掉书袋。片尾看到对茨威格的致敬，眼泪都掉下来了。自从好多年前看了Visconti的《豹》之后，这是第二部让我对“昨日的世界”充满向往的电影。', '四重讲述空间，层层递进，宛如俄罗斯套娃。依次揭开，掏出一个如万花筒斑斓的昨日世界: 单线故事情节串起性格迥异的众多出场人物。场景切换如同梦境接力。现实与虚幻交织，严肃与荒诞同存，甜美和苦涩共生。整体观感相当有趣又十分充实。最后必须咆哮一句，满屏的演技帝甜得简直人神共愤！', '四重时空与讲述方式以及画幅的迷人结构【越靠近现在越狭窄间接】，主体故事全景描绘了欧洲战前文化褪色的最后辉煌【礼数，名画，家族】，作为见证者的Zero【移民】对依然消失的“精神家园欧洲”的怀旧感，以及对老电影的表演方式和镜头运用的模仿致敬，加上费因斯的精妙表演与卡司，安德森迈入大师门槛']"
被嫌弃的松子的一生,8.9,542270,"['她不明白人生失败的根源就是全身心地投入舍弃自尊来博得并不值得拥有的所谓爱', '\u3000\u3000""小时候,谁都觉得自己的未来闪闪发光,不是吗 \u3000\u3000但是一旦长大,没有一件事会遂自己心愿"" \u3000\u3000 \u3000\u3000她总是想着办法，即便是些常人看起来怪异可笑的办法来面对不太公平的生活遭遇． \u3000\u3000 \u3000\u3000看得我真他妈压抑. \u3000\u3000我就是无比恐惧自己的生活会变成这个样子 \u3000\u3000导演和编剧把我对我生活的梦魇般的臆想变成了胶片', '是嘲讽吧——你以为人生要完了的时候它还在继续，你以为人生可以重新开始的时候，人生已完。 ', '她只是怕寂寞……', '用喜剧的手法来拍一部悲剧\r\n你会发现最后笑得前仰后合\r\n而眼里却挂满了泪水']"
阿凡达,8.7,960469,"[' James Cameron闭上眼，全是电影的明天。', '阿凡达同时也揭示了女人的悲惨命运，主角与他的空中坐骑即是说明这个问题：选择她，她挣扎，插入她，她被俘获，甘心被他骑一辈子，众叛亲离之时，只有她在身边，魅影出现以后，她消失无踪，他再也没有寻找与过问。', '我整个人都潘多拉了', '已经不是在看电影了，是在比谁Wow的次数多，眨眼次数少。', '钉子户 大战 城管 in 3D']"
摩登时代,9.3,201065,"['有些电影永远都有一个别名叫做——经典~~', '开头工厂那段真是创意十足，后面就弱了点了', '惭愧死了，这才是我第一次真正看卓别林的电影。在放映之前我还想，为什么人们要叫他“大师”？不就是一个演员么。结果几秒以后，字幕上映，导演，编剧，主演，甚至音乐配乐都是卓别林创作的。我完全被震撼，真的是大师啊……\r\n\r\n这是一部又辛酸又喜剧的片子，对当时的社会不论是在工业，政治，还是生活', '人的异化，极富前瞻性，即使放在今天看了依旧有着强烈的现实意义；卓别林是个极为矛盾的个体：一方面，他总是对社会那些最深入肌理的顽疾给予毫不留情的讽刺和抨击；另一方面，他也是个执拗的人性本善论者。', '靠，看了才知道，星爷有那么多东西是从这里学来的。']"
剪刀手爱德华,8.7,812404,"['除了JohnnyDepp 还能有谁能有那样的眼神？', '有时候卑劣的人性才是剪刀。', '爱德华的眼睛让人心疼', 'JohnnyDepp最经典的一部片.\r\n很美丽的童话.\r\n那个孤独而美丽的爱德华让我至少哭了两遍!', '孤独本是生命的常态']"
勇敢的心,8.9,447664,"['所有的人都会死，但并不是每一个人都活的有意义。', 'Freedom！自由从未来得这么震撼心灵过~~', '被曲解的历史，詹姆斯霍纳的巅峰配乐', '一句“freedom”煽的我眼泪哗哗的', '有时候男人的一句嘶吼也可以让人流泪']"
天使爱美丽,8.7,775531,"['艾米丽扶着那个盲老头走过马路和天桥和无数商店，飞快地告诉他自己看到了什么，然后又像天使一样离开。', '洋溢着法国人的性格风情', '左上唇，右脸颊，左眼，右后脖颈。', '浓重的法国情调，舒缓，镜头语言动听。女主角漂亮。唯一的不足就是……这样的爱情会不会太作了？爱情就是门口经过的大巴，现在不上，以后都不能再上了……', '其实我也经常做这样的事情，为什么拍成电影就有人赞好，现实当中被当成白痴']"
喜剧之王,8.7,677189,"['以前看的时候，电影里真正隐含的意思我都不懂，但当我慢慢长大，经历的东西越来越多的时候，再回顾这些，我能领悟到星爷电影里人生的真谛，同理也可以套用在《大话西游》。ps，每次看到那句“我养你啊！”都会毫无疑问的飙泪。★★★★☆', '我最讨厌别人不擦润唇膏了！每次看到嘴上干裂起皮都忍不住想要亲上去！所以你要多擦一点润唇膏啊！你到底要不要我给你擦润唇膏！——好喜欢这一段，那时的张柏芝漂亮的无法用笔墨形容，脚趾甲上涂着五彩的颜色，小巧的下巴和明亮的眼，根本就是个小妖孽。【MD电影短评怎么字数限制这么短！】', '“哇你怎么穿成这样啊？你不是演主角吗？不管你是主角也好，跑龙套的也好你都要养我一辈子的啊！呐，试试，看合适不合适？哇红色的，唇膏印啊，你去鬼混啊！呐，这次我放你一条生路啊，再有下次，我不给你饭吃。走，走啊。看什么看？不服气呀？打我呀，笨蛋！ ”', '周星星电影中最喜欢的一部', '星星说“我养你啊”。张柏芝在回去的路上哭得浑身发抖。']"
致命ID,8.8,568431,"['吓得我都要人格分裂了！！！以后打死都不要再看恐怖烧脑片！！！！！', '医生的治疗方案是让不同人格互相残杀以产生幸存者，但残杀所诞生的幸存者就不可能是最优人格', '救命啊，金牛座遭遇大屠杀...', '本以为是娱乐片，却是一部精彩的悬疑片，和《记忆碎片》一样，不到结尾不见真相。前段或许有些老套，但进行到中段的解谜阶段就很紧张了，后面的真相揭开后，又将剧情推向一个让人瞠目结舌的高潮，难得的是在结尾，居然再次给了观众心灵一记刺痛。善与恶，原本就是一体的。 PS:1.以罪犯幻想之情节名义给剧本许多地方逻辑推理不足找到了借口2.Mhotel又有何寓意呢3.对影片营造的黑夜，阴冷，潮湿氛围很中意last.每个人或许都有多重人格，后怕。  H2  2008.7.12 03:38', '他的人格实在是个竞争市场。由此可见，寡头和垄断未尝不好。']"
加勒比海盗,8.8,638512,"['加勒比海盗这一系列我都特别喜欢，喜欢杰克幽默风趣，顽强，坚韧勇敢，像永远也打不死的小强，还有他的黑珍珠海盗船，太神奇了！', 'johnny太性感了！！！！！！！！', '讲个小故事吧，有个小女孩给JohnnyDepp写信，希望他带着他的部下去学校铲除校长，于是JohnnyDepp打电话给学校，让学校把学生带到礼堂，这时候JohnnyDepp带着演员么冲上舞台，全场欢呼。嗯，我爱如此感人的故事', '我看了六遍.好不好已经和商业无关了.', '男二号太帅了']"
断背山,8.8,539957,"['Ennis不爱男人，也不爱女人，他只爱Jack。“希斯·莱杰和吉伦哈尔让这个痛苦的感情故事在我们身体中蔓延，莱杰先生神奇且难以置信地从他自己的身上消失而完全融入了角色，这是一个在银幕上可以企及马龙·白兰度和西恩·潘的表演” 人人心中都有一座断背山，那是一个永远也无法抵达的梦-李安', '老公哭的稀里哗啦，我怀疑他有隐情，所以我都没看进去……', '【剧透】你有一个挚爱你的人，但我不敢说你也挚爱着他，因为你有太多的怯懦。我当然知道你爱他，你哭着对那两件衬衣发誓，让我也跟着掉泪。只不过我还是会想：或许你更爱你自己。他死了，再也不能爱你了，你后悔了吗？', '看来我没有弯的潜质，一上来我就把攻受猜反了', '如果一生不能和最爱的人渡过，那贫富喜怒又有什么区别，责任信仰又有什么意义。']"
哈利·波特与死亡圣器(下),8.8,539213,"['印象很深刻的一幕，恐怕今生難忘，是我旁邊坐的兩個朋克90后在斯耐普死的時候娃娃大哭。', '我就想问问，年轻的格林德沃和邓布利多在哪儿？！都是坑爹的噱头啊！！', '电影的质量不重要了。每一个打五星的人，都是在谢幕前向自己过去的十年致敬。十年，足够让它长成你的血肉呼吸。Like never before. Like never again.', '一整场电影下来大家都很安静，几乎没有人说话，都掉进了长达十年的回忆之中，百感交集，直到结束，但是所有人都知道，它将永远不会结束，也许每个人心中都在期待着某一天自己的会收到霍格沃茨的offer然后拿着行李冲向九又四分之三站台。对于我这种脑残粉来说，给一百颗星都不够。', '我们的童年结束了，希望下一代人的童年里还会有魔法师，还会有霍格沃茨。']"
杀人回忆,8.8,470584,"['这并非一个寻求真相的故事，而是关于真到底相如何被整没了……', '想到真凶可能会若无其事坐在电影院里面，与电影最后一个镜头里宋康昊含泪的双眼四目相对就觉得好惊悚', '一部很普通的电影。', '嗨凶手，你也在看这部片吗？送给你的，杀人回忆', '偏向于多人效仿作案，凶手不止一个。最后女学生是小白脸杀的可能性很大！言行逼供了三个人，只有小白脸最态度反抗、眼神一直有特写是充满恨意的，因为他并没有杀人还要被诬陷。出来后在酒馆喝酒，女学生从窗前走过也对他指点议论，让他觉得自己的名声已经彻底毁了洗不清了。所以最后警察媳妇和女学生同时出现他选了女学生。还有下手之前扶着树干的细嫩的手的特写。可能真的是出于报复——既然你们都觉得我是凶手那我就真杀个给你们看看。DNA对不上是因为之前那个真不是他杀的。还有开头第一个案件发生后男主抓了很多个“嫌疑犯”，这里有个细节，几乎每个人都是面目可憎凶神恶煞的。因为男主潜意识认为杀人犯就应该长成这样的气质和模样。然而结尾小女孩说凶手“就是个普通人啊”是个记不住长相过目就忘的路人。每个平平无奇的人背地里都可能是凶手。']"
狩猎,9.1,256624,"['其实小孩子最邪恶，因为他们完全不知道行动的后果。  ', '这电影要是早两年看，不会有这么深感触。很多情况下，真相是什么对围观者并不重要，他们需要的只是一个支点，让自己站在虚妄的道德制高点上，得意一时是一时，反正过几天他们就会遗忘，任由真相被新的猎奇淹没，微博上这样的人和事比比皆是。', '占据道德的制高点猎杀他者，你手上可有血污！？', '1.萝莉由爱生怨的报复手段又狠又蠢 2.孩子最可怕就在于明明无知，却会本能地以纯真作为武器，让他人深信不疑 3.人们习惯于自以为是，站在弱者角度分发所谓的正义和怜悯心，本身就是一种不公 4.信任和声誉一样，一旦破坏就无法修复 5.你永远活在他人的目光里，而世界本就有太多恶意~结局很现实，好片', '1、看的人想死的心都有了；2、……还得活着。']"
请以你的名字呼唤我,8.9,457819,"['elio坐在火炉前，一会儿落泪，一会儿抿着泪水笑了，一会儿眼睛里又恢复了冷漠，仿佛在短短几分钟内，他把那个夏天又度过了一次，且此生还要度过很多次。', '后劲太大，沉醉在电影的情感和视听氛围中无法自拔。雕像下的长镜头，午夜约会时的触碰，深夜教堂外和陌生人的尬舞。最终所有乌托邦似的美好都凝固在了80年代初那个夏天的意大利小镇，就像父亲说的那些炽热纯粹又隐秘的欲望和情感，以及用尽全力去探索、去爱、去失去、去心碎的那个自己，再也没有了。', '当年读小说的时候，就被最后老爹那段话感动，是那段话的态度，让整个故事变得不一样了。一个意大利少年和一个美国青年渡过了生命中的六周，他们之间不仅仅是同志感情，最后成了一种超越爱情和友谊的美好东西，告诉你要学会去感受生命中的一切，在年轻的时候拥抱所有感觉和情绪，就像一种修行和成长。', '相对于这样一场爱情，我更需要这样一栋房子。', ""细腻、唯美、慵懒，带着浮生若梦的气息。我们大多数要等到青年时才能将蒙昧的性觉醒付诸实践，而CMBYN呈现了同志电影绝无仅有的“少年时代”。这个叫Timothée Chalamet的男孩是世间最美的珍宝，他的一颦一笑、从脚趾到发梢都让人疯狂。请以你的名字呼唤我，因为在这一刻You're MINE""]"
幽灵公主,8.9,396622,"['宫骑骏就是个生态环保大师啊。', '宫崎骏的巅峰之作', '宫崎骏果然是最关注女性的导演之一。', '他的作品中的思想深度和人文思考区别于其他浅薄的娱乐性动画片。', '97年有这样的动漫实属不易，可是很不明白日本人的文化，没有绝对的恶，就算犯错也都可以一笑置之，取走鹿神的首级酿成大祸，且根本不肯归还，最后还可以笑着露脸，该说日本人宽容呢，还是什么？']"
阳光灿烂的日子,8.8,456443,"['“我的故事总是发生在夏天。炎热的气候使人们裸露得更多，也更能掩饰心中的欲望。那时侯，好像永远是夏天，太阳总是有空出来伴随着我，阳光充足，太亮，使得眼前一阵阵发黑”——电影《阳光灿烂的日子》开场对白', '大陆电影的巅峰之作。', '再也没有这样的时候了。被禁锢的青春里面溶着化不开的酸涩。年轻的时候爱一个姑娘，就可以奋不顾身的把所有逞能的事情都做完。长大了以后就不会了。不是不爱姑娘了，而是理智的弦告诫你自己再这样做是多么蠢的一件事情。', '理想是用来毁灭的。一句傻逼，喊出青春最有力度的挽歌。', '别人说这部片子很绝望，我看到的只是与我无关的，男生的青春期']"
小森林 夏秋篇,9.0,302613,"['把日本乡间简素的一餐一饭，拍得很有质感、美感、生活感。在天朝这个审美粗糙的国度，日式情调显得如此有“逼格”。但时人追捧日式美学所谓的“禅意”，恰恰最无禅意可言。刻意追求的形式感，努力再努力去趋向于“美”和“精致”的态度，其实都离禅很远。禅是一箪食、一瓢饮里全都是平常心，无谓美丑。', '吃货少女的自我修养，这种文艺腔调的东西看看就好，离农村的现实生活差距太大，真的要去农村干几天农活，我看没有几个能撑下来的。', '那些静得只能听见呼吸的日子里，你明白孤独即生活。', '昨天看这个看一半看不下去了，这么美的电影，我看着心里特别难过，为什么，中国电影票房都那样了，审美还那样，什么时候才能不吃粗粮，也认认真真做顿可心的家常菜呢。', '看着看着，突然觉得好难过....']"
重庆森林,8.7,576060,"['一个人哭了，你给纸巾他就行； \r\n\u3000\u3000但如果一间屋哭了，你就要做很多事情。 ', '那时她还被叫做王靖雯,小鹿様闪烁的眼神,细痩无邪的身体,疯狂的暗恋也不过是纯真执着的本能', '看旧电影最无法跨越的逻辑障碍：金城武怎么可能会被甩！梁朝伟怎么可能会被甩！这不是渎神吗！', '当时没有看得太懂的一个片子', '最喜欢王菲一边开着水龙头一边说因为下雨没有办法交电费.还有那个 加洲梦的音乐.']"
入殓师,8.8,451441,"['整矫情了..做殡葬业需要那么多感怀身世和心理建设吗...在我们中国，这是一个超级暴利而令人羡慕的行业', '对待死的敬意，犹如对待生的真诚。举重若轻。', '我觉得这个电影不是讲死亡 甚至什么追忆怀念云云 而是讲一个人在逆境中如何面对世俗的目光生活 从在意别人的眼光 到最后在工作中找到自己的价值 高度认同它 与世界沟通 还有宽恕他人 从而达到自我的新生 从这个角度来讲 这部电影是更像是一部励志片 而不是简单的感情片', 'The gift of the last memories.\r\n“人一辈子买的最后一样东西(棺材)是由他人决定的。”“死可能是一道门，逝去并不是终结，而是超越，走向下一程。”“入殓师就是让已经冰冷的人重新焕发生机，给她永恒的美丽，这要有冷静、准确、而且要怀着温柔的情感。”《入殓师》的中国遭遇：“它的国际首映在大连', '很温柔很温柔。。眼泪有很多种，这是非常有劲道，非常耐人寻味的一颗']"
第六感,8.9,393094,"['看到最后眼泪哗哗。。的惊悚片。。。', '还好我没知道结局就看了。', '小孩和妈咪的那一段结局 真感人', '又是一部以结局见长的电影', '虽然第一次看《第六感》已是四年前的事，但现在仍然记忆犹新。看之前就知道这是一部惊悚片，看的过程也的确被个别镜头“惊悚”了几下，但没想到的是，真正令人恐惧，心有余悸的却是影片的最后一分钟。当之前两个小时“惊悚”情节的铺垫成熟时，最后一分钟的真相大白更像是一种宣泄，一种试图冲破所有观看者心里防线的宣泄，而我的确被深深地震撼到了，那是一种发自心灵深处的震颤，一种深刻的心理体验。']"
7号房的礼物,8.9,374024,"['看这么虐心的电影我都没哭，可能真的没什么电影可以让我哭了。如果想挥泪解毒的，可以尝试一下，十有八九会哭个稀里哗啦的。电影不乏刻意之处，但胡椒芥末用量太足，不中招也难，中国要能拍出这种杀伤力的催泪弹来，票房十亿起。', '又一颗韩式催泪弹，亲情总是泪点，让你无法躲开。影片套用的是《我是山姆》那样的人物关系，而在情节上则更有戏剧性。冤案加亲情的双重催泪保障。监狱里的温情更感人是因为，相比善人做好事，人们更喜欢浪子回头，恶人行善的故事。无论我们怎么吐槽韩式催泪片的套路，但是真的很有效，也确实很感人。', '我们目击的事实，往往只是浮出水面的冰凌，冰山下面的巨大事实，更排山倒海穿透视听。\n我们直面的人生舞台，也许只是化蝶幻影，层层垂帘般幕后的故事，更震撼世道人心。', '韩片一定要这样吗！！！哭肿了都', '里面有太多不现实的地方，故事的结局却又那么的现实。童话般的影片，让我大半夜看的哭到抽搐了。']"
红辣椒,9.0,280059,"['如果说盗梦空间像是工科生拍的 充满了逻辑 数学 推理 极尽聪明之事 那红辣椒就像是文科生拍的 天马行空 无所不能 是一个真正的梦', '游行时的画面和音乐太赞了太赞了太赞了', '极其喜欢游行部分的画面和音乐，虽然满诡异的，呵呵', '看完这个，我真的相信今敏是去过未来的人。他早就看过盗梦空间了，也经历了我们尚未经历的时代，到未来世界走了一圈，终于对人类失去了信心，所以选择离开。', '居然有不是很明显的gay支线。。。']"
消失的爱人,8.7,646746,"['相信我...其实，这就是马伊琍和文章的故事...', '哈内克似的割喉真是万能药... 大卫芬奇要多恨现代媒体。美国社会结构就是少数精英控制了洗脑话语权，而大部分人则自觉或者不自觉地维护着虚幻的道德...', '男：我们互相折磨，互相控制，这样有什么意义呢？\n女：这就是婚姻。', '后半段我一直期待有更惊喜的东西，可惜没有。', 'I love David Fincher! P.S.: 开始前，旁边坐在一群couples中的单身小哥无聊郁闷地喝咖啡；结束后，他幸灾乐祸地跟我说，Now every couple feels no good...']"
小森林 冬春篇,9.0,266996,"['完全抹去了互联网时代的痕迹，联络仅靠寥寥书信，甚至电视机的画面都不易见。人物们不玩手机不发短信、不上推特晒图朋友圈发吃，只自己默默耕种、收获、烹饪、享用。抱着电脑手机看了部片子就说日本农民很优雅？先别忙着叶公好龙、去浪漫化乡村生活。抱着审美心态，在任何地方都无法承受生活的真面目。', '“她这么辛苦种田就是为了每天这么吃啊？”“对啊，人生不就是这样吗！”', '用這種篇幅和耐性去舖展唯美生活，腳踏實地自然感覺微痛。更年輕一點的時候不明白為何治癒系作品的需求如此大。後來漸漸明白，人單單是活在社會中，僅僅是生存著，便會自然而然地，遭受傷害。最基本最簡單的成為奢求甚至不可能。小時候快樂很簡單，長大後簡單卻變成一件很幸福的事。', '真希望变成晨间剧啊，每天都想看到', '有人说装逼呀什么的 我人生就得加一味装逼']"
爱在黎明破晓前,8.8,429059,"['「1989年，29岁的导演在费城与20岁的Amy相遇。两人渡过浪漫一夜，聊艺术、电影、科学。这段经历促成Before Sunrise，导演一直以为Amy会看到这部电影。可惜Amy早在1994年就因车祸去世，导演三年前才知道这个消息。终究是错过了」', '两个人在试听间里听爱情歌曲的那一段，局促的空间里，想看对方，又有些矜持，目光刚一接触就赶紧离开，那么一段长长的时间，很好。餐厅里互打电话。对话总是很聪明。“很多人结婚的理由比这还少。”', '你之前提到过以后几年的光景，一对夫妻会开始厌恶对方，对彼此的一举一动都了如指掌因此而感到厌烦，我想我会有相反的发展，我对一个人越是了解就越是能真正的去爱他，他会梳某种头发，他会穿哪件T恤，他在某种场合一定会讲的故事，我相信那会是我爱一个人最真实的境界。', '全是对白的100分钟，能让你一点都不觉得沉闷，还泛起很多心思。当然是好片啦。', '三星，最多三星半，实在不能给的更高了。100多分钟全靠有一搭没一搭的对话撑起来。断断续续地看完，没有令人讨厌的地方，但也实在乏善可陈，没有惊喜，没有触动。故事过于简单且没有展开，看了前10分钟就可以直接跳到结尾。如果爱在日落黄昏后也停留在同一水准的话，就没有兴趣再看了。']"
一一,9.0,255592,"['婆婆，对不起，不是我不喜欢跟你讲话，只是我觉得我能跟你讲的你一定老早就知道了。不然，你就不会每次都叫我“听话”。就像他们都说你走了，你也没有告诉我你去了哪里，所以，我觉得，那一定是我们都知道的地方。婆婆，我不知道的事情太多了，所以，你知道我以后想做什么吗？我要去告诉别人他们不知道的事情，给别人看他们看不到的东西。我想，这样一定天天都很好玩。说不定，有一天，我会发现你到底去了哪里。到时候，我可不可以跟大家讲，找大家一起过来看你呢？婆婆，我好想你，尤其是我看到那个还没有名字的小表弟，就会想起，你常跟我说：你老', '我这样说好了，你不在的时候，我有个机会去过了一段年轻时候的日子，本来以为我再活一次的话也许会有什么不一样，结果还是差不多，没什么不同。只是突然间觉得，再活一次的话，好像真的没那个必要。真的没那个必要……★★★★★★', '“自从电影发明以后，人类的生命就至少延长了三倍” “本来以为，我再活一次的话，也许会有什么不一样。结果还是差不多，没什么不同。只是突然觉得，再活一次的话，好像，真的没那个必要。” “你自己看不到，所以我拍给你看。” “没有一朵云，没有一棵树，是不美丽的。” “我觉得，我也老了…”', '从一个婚礼开始，到一个葬礼结束。 ', '这就是传说中那种我一分钟暂停三次花三四天才能看完的那种无聊电影。']"
侧耳倾听,8.9,330158,"['...................如果不是片尾的一句""你愿意嫁给我吗"" 我愿意打五星', '为了让我的名字早点出现在借书卡上，我看了好多书。。。', '原来图书卡寻人是这里来的呀。他们的城市是立体的，真漂亮，恋爱要翻山越岭才行。电影几乎集结了所有少女时代的美好回忆，完美、理想到失真，像一个斑斓的气泡，害怕一伸手就会破碎… 乱糟糟的书桌，伸手摸来摸去就是摸不到台灯开关，生活中的细节被它完整地还原，似曾相识，却不属于我…', '喜歡《夢幻街少女》的男孩值得託付終生。', '美则美矣 但是看着两个初中生这样子的深情 最后还说出你将来嫁给我这种话 还是觉得有点怪怪的 ']"
唐伯虎点秋香,8.6,733974,"['哈哈哈.其实我是周星星FANS,心情不好看他的电影会边开朗.这个看了好多次了.一群人一起看最好玩.', '巩俐真难看', '可以忽略秋香……', '经典中的经典', '电视上常常重播这部，真奇怪。']"
超脱,8.9,335850,"['一次次泪倾，哭到胸口抽痛、难以呼吸。当我们感到需要暖意，首先要学会的，是彼此拥抱。穷尽一生，我们要学会的，不过是彼此拥抱。只因“一个人可以轻易地学会不在乎，但学会在乎，却要付出百倍的努力和勇气”，再不要独自一人穿过灰暗暝寂的暮色，在摇摇欲坠之前，在生命荒芜心脏冷却之前，彼此拥抱。', '电影最后只留下冷漠与残酷，你根本无法从这一切中超脱，过去和现在，精神和肉体，理想和现实，教育和未来，与现实对抗相比选择冷漠并无视一切显然更简单。拿自暴自弃当成个性标榜，就像把自己搞得越叛逆越惨烈就比其他人更强大一样。这部电影的杀伤力太大了，没有给你一丝缓和情绪的机会！★★★★★', '“我的灵魂与我之间的距离如此遥远，而我的存在却如此真实。”——加缪', '少年时，我们都自私无知，夸张那些伤痛来当作放纵的借口。只知依赖不知自救，只知索取不知珍惜。打架，滥交，还自以为是看透了生命，绝望的很酷，其实肤浅的令人发指。孩子，什么时候你开始沉默的承受加诸你身上的重量，尊重它并与它和平相处，你才真的能称为一个大写的人。', '当电影全部播放完时，影院灯光亮起，那一刻我甚至觉得这个坐着千人的场子里的空气是凝结着的，每个人都很小心地呼吸着，被那绝望深深所震撼。']"
玛丽和马克思,8.9,333795,"['个人认为影片比《飞屋环游记》要出色', '年轻时我想变成任何人除了自己。', '我们为什么需要3D？', 'God gave us our relatives, thank god we can choose our friends.', 'PS,娘的，我看哭了。PPS,推荐给所有的人看。PPPS,可以打十星吗？']"
倩女幽魂,8.7,520125,"['多年后看，还是好看。', '這個聶小倩，爾等休想再超越！', '唉，王祖贤哪有张国荣漂亮', '宁采臣只是张国荣的。', '两张绝世的脸。']"
蝙蝠侠：黑暗骑士崛起,8.8,514593,"['Anne Hathaway美得足以把全世界的基佬都掰直，但刚被掰直的基佬们马上又会被囧瑟夫萌弯。', '孤立地看，这是一部无可争议的五星电影；但和第二部《黑暗骑士》比起来，它只能拿四颗星。', ""三部曲，都是关于一次又一次的选择。庞大的人物线索和故事，诺兰已经构造出自己的世界观——我觉得，他是相信黑暗的。Gotham doesn't deserve a hero like this, but he'll still give everything to them. 另，小丑有且只有一个。（用打一星来表达对脑残粉的蔑视的人可以省省了，你们配吗？"", '超过TDK不敢说,但永垂影史是扛扛的.', '英雄挥别，正气永存；史诗落幕，传奇不朽。漫长黑暗过后，终迎黎明曙光。']"
告白,8.7,539677,"['都是你爸害的（《松子》），都是你妈逼的（《告白》），中岛哲也太喜欢成长阴影了吧……', '等本片有下载的时候一定会有不少恶评，与以往的中岛哲也完全不同，大量的特写与高速慢镜的运用，全片好似分段式MV，情节上各种意识流似的拼贴。导演视乎在还原一种心理动作。谈不上非常喜欢，但却仍想赞一下。', '当罪人无法通过法律将其制裁的时候，唯有以暴制暴。\r\n本以为是个推理片，想不到电影一开始就已经知道犯人是谁，只剩下女教师的复仇；本以为她在关键时刻会俗套地圣母一把，看在对方“还是个孩子”的份上原谅杀死自己女儿的学生，想不到她腹黑到底，把两个少年折磨到求生不得求死不能。太tm帅了。', '中岛哲也导演《下妻物语》《被嫌弃的松子的一生》《告白》可以算华丽三部曲，都喜欢，但这部太厉害，太好看，形式感，音乐衬底，故事内容，叙事方式，以及一大堆萝莉正太扎堆，以优雅、轻松、热闹的外在形式，表达巨大的无边的哀凉和悲观，太对个人胃口了。100分。', '做作不堪！！！另外，拜托你们不要把mv叫做mtv了 mtv是电视台！！都是九十年代ccav的误导害的！！ccav可真丢人啊!']"
大鱼,8.8,424634,"['人生已经如此的艰难 有些故事就不要拆穿', '在这世界上，只有在你所爱的人之外，才需要辨别所谓真假。生活中的事，有种种说法。所谓真相，可能是最令人乏味最让人难以接受的。而在生活外表涂上彩虹颜色的人，他们值得尊重和信赖，因为他们的爱。', '孪生姐妹不是连体，巨人没有那么高，他妈妈在葬礼上穿的是大红的外套', '这个叫蒂姆·波顿的人，身体里住着大鱼爸爸(Big Fish)、剪刀手爱德华(Edward Scissorhand)、威利·旺卡(Willy Wonka)和疯帽子先生们的灵魂。', '小王子说：“因为有一朵我们看不到的花儿，星星才显得如此美丽。沙漠之所以美丽，是因为沙漠的某处藏着一口井。”\n波顿说：“他说故事，因为他无法忍受这无趣的地方。”这片子是献给在现实世界中迷失、畏首畏尾、丢失了童年时代欢愉梦想的人，那条游向远方的大鱼是我们对美的向往。']"
甜蜜蜜,8.8,376070,"['你什么时候变得这么罗嗦，以前都不是这样，傻女，听我说，现在立刻回家，洗个热水澡，明早起来，满街都有男人，个个都比豹哥好。不用担心，我很有办法的，在台湾有很多老婆，高雄有一个，台中有一个，花莲有一个，阿里山也有一个…… \\\\\\\\我这辈子最开心的那一天，就是威廉带我去半岛吃饭，我趁着他不留意，偷了我们用过的刀叉杯碟，现在偶尔拿出来看一下，仍然是很开心，可能威廉早就不记得我了，不过不要紧，我记得就行了，想一下，我现在这么老这么难看，他不来找我其实都是好的。\\\\\\哈，那你要快点，芥兰有艾滋。', '每次看完这种片子，都觉得像过了一辈子那么长', '到最后我们会幸福吗？最让人感动的是突然出现在曾志伟身上的米奇纹身。我们永远不知道另外一个人在以怎样一种方式爱自己。', '你们看到了爱情，我看到了背叛。', '重逢只要一瞬间，等待却像是一辈子。']"
阳光姐妹淘,8.8,460175,"['再多分开牛逼的岁月，也比不上一起傻逼的时光。这个电影必须要看。。。', '一起哭，一起笑，一起疯，一起闹，一起尽情折腾我们的人生，即使老去也有最美最好的青春可以一起祭奠。', '再多各自牛逼的时光，也比不上一起傻逼的岁月。', '就挺逗乐的吧，有青春有热血。但故事真没什么可圈可点的地方，包括长大后的遭遇和梦想的差距，多番贵人出手，戏剧性转折，完全是靠天上掉馅饼撑着。虽然一直在讽刺韩国各种流行文化，故事本身也不能免俗的成为其中的一员。', '同是姐妹片，比《伴娘团》牛逼多了。大有中学不良少女团体史诗片气概']"
无人知晓,9.1,196843,"['看完以后，也还是沉默，没有煽情的眼泪，没有明显的愤怒，就和这部电影一样，平静的说一个难过的故事，但没有一个人流泪，甚至连埋怨都没有。被抛弃真的很可怕。', '家中早已经没有了妈妈，生活早已经很拮据，水电早已经停了，今天吃过的泡面汤要留作明天拌饭，喜爱画画就画在水电停用通知单上，从公园偷水饮用，把摔死的妹妹埋掉......这一切，都没有人知道', '真是可爱的孩子啊。从《距离》之后，是枝裕和的电影就越来越生活化，有些纪实的风格，琐碎的生活细节，两个小孩甚至算不上表演，即兴发挥的表演也让这部电影充满了生活气息。更难得的是，面对这种狗血的题材，是枝裕和却并没有煽情和大喊大叫，只是让所有角色一起忍耐、承受着，连同观众一起', '艾小柯写的：两个十几岁的孩子，白衣服上沾了泥巴，迎着微曦的曙光，在空旷的早晨一语不发的从黑暗走向黎明，耳边响起的是《珍宝》的歌声：“姗姗来迟的春光，让人深吸一口气……我逐渐成长，没有人可以亲近……”——这段情节最美了 \r\n', '你不知道她为什么离去，就像你不知道，这竟是结局。']"
萤火之森,8.9,356960,"['郁闷死了 守着一颗白白嫩嫩的大白菜多少年细心栽培没舍得吃，最后这颗大白菜被猪给拱了的感觉 (☍﹏⁰)', '我说………………既然树枝和毛巾可以，那么手套也不会有问题吧…………所以婚姻幸福就指望保险套了……………………………………………………………………', '永远不会忘记的拥抱，是你让我曾有过怎样也不想结束夏天', '妖怪有颜就是治愈片 妖怪没有颜就是恐怖片', '动画表现平平，算是很平庸的还原了原作，而且……好你妈的短！！']"
射雕英雄传之东成西就,8.7,472747,"['张学友让梁朝伟杀他那段，笑翻了', '这样的parody电影，如今已经不可得.......梁家辉叫人吐血那场唱段戏，竟是众人乐得不支之下张哥哥一手编词、导演的，10几年后我才知情......', '香港缺心眼儿喜剧之最，看100次笑100次～', '从来不曾想起，永远不会忘记。', '看不懂【东邪西毒】的时候就看【东成西就】。']"
驯龙高手,8.7,550620,"['哇哇哇好看 那龙的原型绝对是一猫', '和谐的生活离不开摸头与被摸头', '妙蛙种子龙。。呜哇', '虽然没有皮克斯那么有深度，故事情节也略显老套，但是好的电影就是能让观众沉浸其中，不管是用画面用音乐还是用其他的。错过档期没去电影院看3D只能说是一种遗憾，还好720p的效果也十分的赞，这应该是我今年到目前看过最好的一部动画片。★★★★☆', '我觉得今年其他的动画片可以不要演了']"
超能陆战队,8.7,712517,"[""迪士尼最新的Hyperion渲染器，渲染旧金山全景，几千个光源，无数的precedural shading...碉堡... 剧情的话Hero's journy，感情带动很好。动画感觉比Dragon2有看头~ 忘了说一句，记得看彩蛋~ Stan Lee的哏儿~"", '以后打听动画，不用再问好吗，只需问人萌吗？动画好不好，全看萌不萌，动画片彻底进入萌时代。', '故事不新鲜，但角色有新意。几处萌点和泪点全部来自大白，大白的陪伴，让人想起的不仅仅是：大熊身边的哆啦A梦、教授帕克的忠犬八公、坚守地球的WALL·E、邻家的多多龙、维克多的科学怪狗、小嗝嗝身边的无牙、库珀身边的机器人Case、山姆身边的Gerty、Wallace身边的Gromit...', '好想戳爆胖子看会发生什么……', '三番和东京，动画和机器人，樱花和Caltech，我们的城市我们的大学我们的专业，这部片子对我的意义不一样，我真的惊。呆。了。对最近在想皮肤材质和场景建模和粒子特效的我也格外有教科书的意义。再见Monster Co，你现在排第二了！（DC在这个我所看过的最彩的彩蛋里被Marvel黑出翔~~~！！！！']"
幸福终点站,8.8,391318,"['等待让人生更加丰厚和充满期待，人生由无数等待组成，等待迟来的班车，等待一次机遇，等待成功，等待老去，等待死亡。幸福没有终点站，只要活着就总会有好事发生，在逆境中仍然活的如鱼得水才是一种境界。', '我差点以为Tom Hanks是智障，但他其实是不抱怨，他踏实，他愿意等待。', '亲爱的，有时候幸福需要等一等。', '能让你笑着感动的片儿。很励志。', '太好看了，欢笑过后大大的感动。']"
借东西的小人阿莉埃蒂,8.8,390025,"['此生暂借于世上。。这是无言的结局，我能想见阿莉艾蒂最终被同族淳朴少年打动，相守繁衍。那个有温柔眼眸的人，从此相忘天涯，深藏于心。', '能赠予你的临别礼物，不过是一块小小的方糖。', '“你永远在我心中，我永远都不会忘记你。”这是一部难得一见的富含诗意和伤感的动画片。细节和人设很棒，赏心悦目；配乐尤其出色，但叙事太过苍白匆忙。最后的轻轻告别，两人往后都会有自己人生，走自己的路，但曾经那段美好依旧会沉淀为一辈子的记忆。★★★★', '我相信他们终有一天还会遇见的。', '富四代，虽然你粗暴地用华丽的厨房打动了丈母娘，却无法用奢华的别墅赢得美人的心。太多现实问题你没考虑，比如抚育下一代的问题，你想过没有？！！']"
菊次郎的夏天,8.8,370071,"['\u3000北斗七星的来由：一个小女孩走了很久的路为她发烧的母亲找水，晕倒在路上，醒来时看到自己的水斗里盛满了水，她开心地要跑回家，这时来了一只很渴的小狗，她把水喂了它，水斗就变成银色的，升上了天空。\r\n\u3000\u3000即便自己缺少爱，也带给别人爱，因为头上有北斗。\r\n\u3000\u3000每个人都在旅行，有目的的，没方向的。有的人一直在走，有的人原地呆着，但我们都会经历很多人事，去遇见，或是被遇见。夏天，就这么结束。', '其实电影拍的不好，无意义的镜头太多，使得全片显得过于刻意，有点拼命让你笑的感觉，且过度使用同一个BGM，显得烂俗、生硬。电影大部分时间都在消费久石让的音乐和日本本身就很美的风景，俩飙车族的出现更是显得莫名其妙，莫名其妙听菊次郎的话，莫名其妙陪正男玩。不过我承认确实被电影感动到了。', '从没见过那么流氓的温柔，从没见过那么温柔的流氓。', '相比久石让的音乐，影片相形见拙。电影像是《中央车站》+《完美的世界》的结合，不同是《菊》以小清新喜剧基调和章回体叙事呈现，主角的可爱流氓性格，自始至终赋予影片乐观积极的情绪操控，即便孩子遇见母亲后主题仍能迅速回到积极一面；缺点是一些幽默元素是强加进去的，看似自然却不真实。', '奇怪，明明夏天总会有能烧焦皮肤的太阳，讨人厌的蚊虫，闷热的空气。但只要有一阵风吹过来，夏天就是一年中最好的季节。']"
爱在日落黄昏时,8.8,363758,"['年轻时候看得汗毛都竖起来了。。这种句句台词都让你觉得“我也是这么想”的电影有这么一两部就够了 @20岁春', '他为她写了本书，她为他写了首歌。其实，他们都记得，每个细节。这部就是来还愿的，又是一个开放式的结局。我想这次他们应该不会错过彼此了吧。', '哪浪漫了。哪浪漫了。我老了。我老了。我老了。', '最后的结尾，杰西坐在沙发上似笑非笑的看着塞林，他一定在想，这个女人太他妈可爱，可爱的想立即上了她，再娶她。', '“从某种意义上来说，我所有的浪漫\n都在一夜之间消耗光了...”']"
恐怖直播,8.8,454728,"['小人物，大成功。低成本，高票房。热电影，冷导演。旧模式，新包装。雅追求，俗定位。内棚衬，外景托。熟表演，生情境。远特效，近手持。慢推入，快剪辑。有利益，无朋友。左警察，右悍匪。正势力，恶交锋。假道德，真和谐。恩未报，怨已结。问有主，答无解。单兵战，双人桥。哭邻国，笑天朝。', '能在自己国家的银幕上看到《恐怖直播》的公民是幸福的。', '韩国电影中一直有一种东西，合适的时候叫『热血』，过量了就是『狗血』。但从来没见过不足的时候是什么样子。', '这种题材的电影有漏洞在所难免，但韩国电影能做到这一步值得称赞，几乎是一间房子中的故事，格局却相当大，节奏紧张，剧情张力太强，舆论、媒体与政治的黑洞令人反思，结尾比搏击俱乐部还激进，美国估计都不敢拍，但韩国敢拍能拍。河正宇的独角戏太强大，五星。', '韩国人要逆天了,即使一听就知道那不是50岁男人的声音，即使任谁也安装不了如此犀利的炸弹']"
完美的世界,9.1,184002,"['我只杀过两个人，一个伤害了我妈妈，一个伤害了你', '他看见他，他带走他，就像带走童年的自己。他终于相信这个世界有鬼了，眼前这个开枪打伤他的小鬼就是童年自己的鬼魅。“再见，这是完美之旅。”再见，布奇。', '有史以来哭的最伤心的一部电影~', '遥远的记忆啊……每次看的时候都想如果Kevin要我做人质，一定张开双手欢迎，然后收紧两臂学足无尾熊的样子抱住他的大腿死都不放。有他当爹，再有Eastwood当爷爷，就是一个perfect world了。肚腩长在有些人身上莫名地就成了一块萌肉', '标准的好莱坞煽情之作，坏人的好总是比好人的好来得更感人~~']"
神偷奶爸,8.6,709707,"['这个动画片再次证明了，不怕讲老故事，只需要有颗不老的心。打动人的是里面的小情趣，小可爱，小孤独，坚硬外表下谁都渴望一颗被温暖的心。真的远比toy3得我的心。', '造型趣味，3D效果也佳，只是故事实在老套，人物形象也很脸谱化。', '比玩具总动员3还要好看，同意的点有用', '绝对史上top 5级别的动画片！！豆瓣评分不上9没天理', '虽然很俗套，依然百看不厌。那黄黄的小豆子们怎么那么像雷曼兔啊。片中还有WII的镜头。真是又可爱又感动，三个小姑娘太亲切了，还有斯蒂夫·卡瑞尔的精彩配音']"
怪兽电力公司,8.7,464730,"['其实我觉得。。。这片是一对gay couple养孩子的故事。。。', '""不要给它起名字，起了名字就有感情了""，不管是什么物种，它们的情感在皮克斯手笔下永远都是那么细腻，看到毛怪对小阿布告别时说：“Go ahead, Go grow up...” 眼珠各种打滚。《WALL·E》之外最爱的一部Pixar动画长片。We scare, because we care. ', '买了张蓝光碟，再次重看，画质优秀了，似乎离怪物们更近了，原来毛怪10年前的毛发就这么逼真了。再次感叹皮克斯的创意和想象力，最棒的地方也就是这个创意了，皮克斯的动画片过程可能都很相似，唯独创意个个都很独特。★★★★', '口碑巨好但我一直都特无感的一部。。。。。。可能是因为我特烦小孩吧。。。看到片子里那个孩子一直闹闹闹，我都快疯了。。。这里面最喜欢的就是布西密配的兰道~~~~~~~大眼怪也萌死了~不过放在2001年确实不错~~~', '简直就是最爱啊！编剧太可爱了,居然能想到用孩子的哭声和笑声作为电力能源。什么叫创意?这就叫创意~~']"
功夫,8.6,682908,"['超级耐看和严重被低估的电影，看十来遍了越看越好看，我想100年后还是有很多人爱看它。', '如来神掌从此和竹蜻蜓有了联系', '再都不可能出现比它牛B的功夫电影了', '重温星爷的功夫，猛觉得这是部无比伟大的电影！', '包租公,包租婆,斧头帮,冯小刚被砍,....都是经典.']"
人生果实,9.5,97926,"['怎样才能活得像个人一样呢？爷爷90岁奶奶87，身为建筑家居住在二层木结构老屋里，每日在自家庭院里锄地拔草、捡落叶、挖土豆、摘樱桃梅子、采核桃柿子、做木工、熬果酱、烤蛋糕、酿酸奶、打年糕…还要给笔友写十封信，亲自骑车去邮局寄。住得像个人，吃得像个人，像个人一样工作，死得像个人，如此，就有了像个人的尊严一生。', '活得越久越能明白，人生是循序渐进，不紧不慢的过程。孜孜不倦地去活，自然会结出丰硕的果。', '风吹枯叶落，落叶生肥土，肥土丰香果，孜孜不倦，不紧不慢。家应该是生活的百宝箱，所有的答案都在伟大的自然界当中，活得越久人生就会愈加美好。', '【20180117】很美好。让人不怕老。', '“老头子 之后的事我会努力活下去 放心吧 那个 你等我 等我生命到尽头变成骨灰的时候 我们一起周游南太平洋 等我到那个时候 说好了哦 一个人会很寂寞 但要好好的等着我 我很期待再见到你 我会好好活下去的”']"
玩具总动员3,8.8,360508,"['闪耀着万丈光芒的又一动画杰作。每一处笑点都能轻易抓到，让我就像是回到了15年前，开心到得意忘形。最后一场戏动人程度堪比UP的""married life""!', '它对于我已经不仅仅是一部电影那么简单，而是代表了对于童年时代的记忆与怀念，整个电影院从头到尾笑声不断，但我相信，更多人会被影片的后半段打动，相信看过前两部的人都会很感慨。★★★★☆', '我87年出生，，看toy 1是小学3年级。看toy3是大学毕业。纯爷们，没哭死我。。。。我想说 这是皮克斯送给我们这代人的一份礼物。再见了，我的童年，谢谢你，皮克斯', '玩具总动员3的感人之处就是帮我们这些老家伙给了一个正式的和童年say goodbye的机会，当上大学的andy再一次背起woody的时候，十五年的光阴就这么友好又温柔地消失在木栅屋远处的夕阳中了。', '还记得你的那些玩伴么？']"
血战钢锯岭,8.7,582129,"['正常国家的战争片告诉你，战争是一件肮脏残酷血腥恐怖的事情。你要有中奖般的运气才能活下来。军国主义国家战争片告诉你，战争很好玩，敌人很愚蠢，每天除了开枪打靶一样打敌人之外，就可以游手好闲，不用上班不用种田，关键还有各种风格的漂亮妹子陪伴', '截我影评里的一段话。有个印象很深的片段，首战第一晚他与战友两人坐在战壕里，战友开了一个罐头问他怎么不吃。满脸黑漆漆战灰的道斯笑着摆了摆手说：我不吃肉。我突然觉得多么可敬的人啊，他的信仰无法改变战争，而战争却拿他看似最普通的信仰也无可奈何。', '以我有限的观影经验，优秀的战争片不会美化战场，不会粉饰死亡，不会矮化敌人，不会无视常识，最重要的，不会宣扬战争。这个片子基本都做到了。', '特别老派的热血直男片，甚至觉得叙事目的性强烈到有些直白。然而，就是好看。前半部分就是压制观众情绪，后面的战争就是帮主角和观者释放，去证明主角。战争场面太硬了，血腥可怕，看到紧张，如炼狱一般。我认同他的那些信仰？胡开尔啊！真正让人激动的，还是见证普通人创造的奇迹，因为这是真的。', '队伍配置中奶妈的重要性']"
傲慢与偏见,8.6,552099,"['乔·怀特对长镜头有种奇怪的迷恋，总会用那么一两处调度极其复杂的长镜头。美术真棒，布景超华丽，外景也漂亮，摄影很美。情绪很饱满，有几处细节很用心。当然，对于原著党来说，她们是永远不会满意的', '这达西先生是痴呆不是傲慢吧……', '真受不鸟凯拉奈特莉狰狞的笑容', 'Keira演得真是有点造作', '最爱~~~伊丽莎白在大雾中看到渐渐清晰向自己走来的达西先生，我眼睛都湿润了……']"
风之谷,8.9,282733,"['细节：解开那个女孩衣服的时候看到了什么？', '潇洒、乐观、仁爱的女英雄，用爱拯救了自己的领土。宫崎骏的电影真的是太有启发性了，小时候也是完全没看懂。宫崎骏不管哪部电影都是在宣导爱，正义，和平，友善，人性的温暖。但，王虫真的好恶心！', '宫崎骏的主角为什么都是女生==', '相当和谐的主题和世界观，经济与环境的矛盾、保护与破坏的冲突，人类将会走向什么未来？世界末日来临之前，大自然的绿色仍旧在为地球付出，为人类服务。当娜乌西卡公主在黄金色的草原上时，我感动死了...久石让的配乐部部很赞。', '终于知道阿凡达的触须是从哪儿借鉴来的了。尼玛这王虫的造型实在太恐怖了，一大堆爬过来简直让人魂飞魄散，密集恐惧症表示不敢看第二遍...']"
时空恋旅人,8.7,397523,"['对于我们最爱的人，不说永远，只说珍惜。差点在电影院哭断气', '穿越界第一女朋友:Rachel McAdams; 喜欢这部片子的光感，最爱大雨如注的那场婚礼，你紧张地问我，是不是想要一个阳光明媚的婚礼，不不，一切不需要重来，一生只这一次就好。', '可能是为了卖片，包装成穿越爱情故事，为此差点错过此片。谢谢贤妻的死拉硬拽。虽然中间说了几句这不合理，但真的很好，上了年纪的人，给我们上了一课，关于时间，关于人生，好像还关于电影，那个黑暗的小屋，何尝不可以是电影院。', '理查德·柯蒂斯擅长的轻松有趣加温情。时空旅行仅是噱头，重头还是亲情。当主角发现即便可以时空旅行，仍无法避免那些生活的悲剧。比如亲人的离去，我们始终无能为力，这恐怕是最触动我的地方。最终的主题仍是学会爱，学会生活，并珍惜与亲人的每一天，这话说来容易，实际却相当难。生活中同样应该如此', ""编剧是Love Actually的Richard Curtis, 女主角是来自于另一部时间旅行电影The Time Traveler's Wife的Rachel McAdams. 配乐沿用了Gravity里的钢琴伴奏，画面美好到让人陷在爱恋中。在伦敦，若不好好谈一场恋爱就太辜负这个城市的一片深情。把每天当作最后一天般珍惜度过，积极拥抱生活，就是幸福。""]"
天书奇谭,9.2,149486,"['这是中国动画中的又一部里程碑似的、绝对顶级的、足以彪炳史册的伟大作品，从故事情节的编排到人物造型与性格的设计再到动画技术的运用都堪称无以伦比，它虽然没有《大闹天宫》《哪吒闹海》在国际上那么知名，但我相信不少人还是会在自己心中将其列为中国动画的第一，因为《天书奇谭》绝对有这个实力。', '看了很多遍.喜欢.那个年轻的女狐狸精真美,声音也动人.', '可以打10星', '“你是蛋生的，所以叫蛋生~”\r\n\r\n蛋生的师傅好帅啊~~~~~~~~', '虐片。师父死的时候老子哭得肝肠寸断']"
教父3,8.9,249068,"['维多·柯里昂死于极乐，旁边是一个机灵的毛孩；麦克·柯里昂死于极悲，旁边是一只棕色的小狗。', '看到最后要哭死了，可能因为总算有终了，这是教父系列我最喜欢的一部。另外想问问索菲亚小姐，您演技差也没关系但是没见过人死吗。。。。要不是帕西诺在嚎啕就完全没泪点了。', '""All the power on faith can\'t change destiny.""\n任何信念的力量，都无法改变命运。\n人们觉得第三部不好的原因只是我们不愿接受故事的真实结局。', '可能是因为看电影中途没有被打断，也可能是因为阿尔哥岁数渐增，演技越加成熟，第三部的感觉比第二部好很多。如果说基督山伯爵最重要的五个字是期望和等待，那教父系列的主题就是责任和担当，或者得到和牺牲。教父三部，时间从72年，74年直到跨入90年，还有质有量，科波拉也非凡人。', '本来冲着索菲亚·科波拉要少打一颗星的，但是看到她被杀死了好开心啊！！！！']"
上帝之城,8.9,231870,"['脸盲症发作，愣是20分钟才把人脸分清。', '看过巴西，才知道我国多么安定……', ""li'l的发小同伙眼镜benny太可爱了...五官一点都不像典型黑人，笑起来还有甜甜的酒窝..迄今我看过的最好的拉丁电影"", '史上最强剪辑，《低俗小说》遇上它也要甘拜下风！第一次接触巴西电影，就让我着实惊叹了一大下~~', '可是我们的困难无关紧要，在里约热内卢的风景明信片上，是不可能看到我们的']"
电锯惊魂,8.7,360169,"['可是跟电锯有毛线关系啊 明明是手动的', '最后五分钟让我全身发抖！', '这其实是个励志片好不好，杀手先生告诉俺们即使在生命的尽头还是能干成很多事情滴~', '看第一部的时候着实被他的情节设计给惊讶到了。', '第二次看，感觉着仍然是一部顶级的血腥电影，结构和叙事都很牛逼，叙事张弛有度。']"
喜宴,8.9,242310,"['“妈，同性恋的人能够在各方面合得来凑合在一起生活，非常不容易。所以我跟赛门都很珍惜对方。” 李安总能在边缘和传统之间找到恰到好处的平衡点，然后双双将我们击溃。', '李安那句酱油台词太霸道了，大家都没捅破的窗户纸就这样被他。。。可能是编剧有外国人的缘故，台词有点心灵鸡汤啊，不过一切都很完美，喜欢归亚蕾的表演，赵文瑄也确实巨小受哈哈哈。爸爸才是终极boss，不要小看爸爸！懂外语就是王道啊~~~感人的好片', '李安总是善于在西方的文化背景下表现中国文化的细枝末节。被放大致喜剧形式所表现的那场中国婚宴，反讽了中国文化中对于性的压抑…而中国最传统的家庭、家族理念，也在这一场假结婚的风波中进一步深化。隐忍的情感，家庭中的冲突，最终在爱与理解中得到化解。接受了一切向前走，这终是一场喜宴。', '看到房间号1069我的玻璃心碎了一地...', '昨晚看李安的采访，他说「在变化得太快的社会中，孝道该何去何从。人好像只能去接受和追赶这些变化，其实是很无奈与惆怅的。」家庭三部曲终于看完，这部编剧太妙，如果说「饮食男女」是在调和传统伦理与烟火世俗，那么这部则在调和中西、以及传统与现代的文化。PS：李安那惊鸿一瞥的客串。']"
被解救的姜戈,8.7,440864,"['舒尔茨大夫不远万里，来到米国。一个德国人，毫无利己的动机，把强哥的解放事业当作他自己的事业，这是什么精神？这是国际主义的精神，这是基友主义的精神，每一个好基友都要学习这种精神。', '本片很好的说明了什么叫做“躺枪”', 'waltz魅力十足 却死的那么酱油。。。', '零，有一种类型片，叫昆丁；一，昆丁只拍这种片，但只有昆丁拍这种片；二，此片没那么完美，但已比无耻混蛋用心很多；三，昆丁可能永远再达不到低俗小说的高度，但本作足以革新西部片；四，南方口音蛋疼，有些笑点没听懂，以后我得看中文字幕版；五，原谅我用那么多分号，cuz Ima goddamn programmer.', '4.5。1.痞子昆就是这样，见你犯困了，他就来场重口味强心剂，于是，你又屁颠颠精神百倍。2.头套突袭那场笑喷了，炸平糖果庄园后的示爱也超浪漫。3.遗憾，姜戈痞气不足，沉默期与着魔期的跨度可以更夸张些。4.配乐及部分诗意输出不如[无耻混蛋]讲究，但台词更见功力了。5.同以解放黑奴，与[林肯]暗合。']"
英雄本色,8.7,362676,"['Leslie这个萌娃。据说有次Leslie在电影院看午夜场，他跟盆友说：要死了，观众那麼喜欢发仔，而我却是个要抓发仔和我哥哥的警察。 第二部的时候，他开森的说：这回有人同情我了。看我演得多好！我的妻子怀孕生子时，我死佐~', '香港黑帮电影的代表作！小马哥，那是一个神的样子~~', '为人当如小马哥', '警匪片里难得的作者电影。“你没有欠什么，我从来不会逼朋友去做不想做的事，我有我自己的原则，我不想一辈子被人踩在脚下，你以为我是臭要饭的，我等了三年，就是要等一个机会，我要争一口气，不是想证明我了不起；我是要告诉人家，我失去的东西一定要拿回来！”\n“我警告你，不要用枪指着我的头！”', '有几个镜头里，龙哥会发光']"
七武士,9.2,135558,"['我只能用”高山仰止”四字来形容我对黑泽天皇这部旷世杰作的仰慕之情；纷繁庞杂却又条理清晰的史诗，严苛而精准的镜头和构图，七个武士和若干农民的性格都被描绘得入木三分， “休憩”后的大决战无比恢弘，叹为观止。', '和教父是一种类型的电影，突出人物性格，故事情节也曲折。最后真的是人民战争海洋。很有几次，都觉得这也可以算一部写中国人的电影，比如农民的狡猾与认命等，到最后的我能！', '我什么话都么的说。什么叫NB，这就叫NB。', '赢的是那些农民，不是我们。', '完成度之高啊！三个半小时下来连个低潮都没有，后来的《影武者》、《乱》都比不过这部。每个人物性格都非常鲜明，志村乔仿佛一灯大师，三船敏郎似韦小宝，久葬是独孤求败，胜四郎像段誉……唯一的问题是志村乔剃完头怎么这么像张丰毅呀？！']"
哪吒闹海,9.1,176996,"['~~想你时你在闹海~~', '形式上没能超越《大闹天宫》，却带上了过重的政治隐喻。还是该轻松点儿好。', '丁一曰：想你时 你在闹海', '蒋勋在孤独六讲里写哪吒，他说，我记得年少时，读到哪吒把肉身还给父母，变成幽魂，最后找了与父母不相干的东西作为肉体的寄托，隐约感觉到那是当时的我最想做的背叛，我不希望有血缘，血缘是我巨大的负担和束缚。父母是我们最大的原罪，是一辈子还不了的亏欠，就是欠他骨肉，欠他血脉，所以当小说描述到哪吒削骨还父，割肉还母时，会给读者带来那么大的震撼。可是，这个角色在过去饱受争议，大家不敢讨论他，因为在百善孝为先的前提之下，他是一个孤独的出走者。', '电影真的是时代的产物，小时候看这版的哪吒，不觉得故事有问题，现在再看，才发现这是一个政治味道浓重的故事，传达的价值观念赤裸裸。对比饺子导演对【哪吒之魔童降世】的处理，我命由我不由天的主题又很符合我们当下的主流价值观，哪吒变成了另外一个故事，可能会成为现在这代小朋友的童年回忆，和我们这一代看的哪吒是完全不一样的，可能这就是讲故事的魅力吧。']"
谍影重重3,8.8,310634,"['紧凑、凌厉，史上最佳间谍动作片。', 'COOL到一塌糊涂！', '车站和小镇两段，绝对的经典。', '“如果你在办公室，那我们现在就是面对面谈话了。”这句对白太拽了。', '作为Bourne系列，这部真是豹尾，节奏与情节安排都极为令人称道。']"
岁月神偷,8.7,461465,"['弟弟偷了能偷的一切给哥哥，可哥哥被偷走的却是生命。', '没想到2010年还能看到这样的电影，感到很幸福。', '突然觉得吴君如如此美丽.', '“在变幻的生命里， 岁月，原是最大的小偷。”我喜欢这种褪色的温情脉脉。', '人生总是一日难，一日佳。\r\n过去的总归是好日子。']"
我是山姆,8.9,217799,"['真正的戏眼是达科塔·范宁。她才是催泪的原动力', '怎么说呢，西恩潘的表演五星，范宁五星，菲佛五星，也被催泪的不得了，可就是不知道问题在哪里，不喜欢这个（也确实显得很真实的）故事。', '哭啊 一直在哭……', '孩子和“傻子”演技都很强大，更重要的是，它表现的一种富于人文精神的理念。', '哭到只剩半条人命~']"
釜山行,8.5,811638,"['明知山有釜，偏向釜山行。听名字像福建人拍的。', '一切灾难皆人性，唉，最后那一枪要是开了，就是神作了。', '这部片子里的孕妇和甄嬛传里的孕妇战斗力不是一个次元的', '丧尸再也不是西方的专利了！韩国影人再一次向世人证明了他们非凡的叙事能力和精巧的借鉴本事。没有好莱坞式拯救人类的大英雄主义，多了的是人性的反思与情感的刻画。无论怎么看，这部电影都是亚洲影界的头一遭，五星鼓励！', '目前亚洲商业片的最高水准 看完之后对国产电影充满了愤怒。']"
头号玩家,8.7,1021961,"['走马观花的IP大赏，剧情人物基本不通，鸡汤也撒得不知所云。适合跟塑料姐妹们一起假嗨', '斯皮尔伯格把他对电影的梦想、热心、爱与情怀，浓缩到这部片子，通过极具年代感的经典电影和角色，又并茂高科技的现代游戏闯关，他拿手的、专注的、想诉说的都在这里给影迷情倾盆呈现，并在最后一句“谢谢你玩我的游戏”推向高潮，就像在银幕前看着他对我们说“谢谢你看我的电影”…泪奔', '游戏宅和影迷的春药！还原《闪灵》那场戏看到要爆炸了！值得去电影院刷十遍！', '9。我爱这部电影，就好像我的梦想是能进入马丁·斯科塞斯的《出租车司机》，看罗伯特德尼罗枪杀嫖客和鸡头，营救朱迪·福斯特。所以，我爱这部电影。', '请不要在彩蛋期间插播电影！（普通导演是在电影期间插播广告，二逼导演是在广告期间插播电影，文艺导演是在电影期间插播彩蛋，牛逼导演是在彩蛋期间插播电影） 层出不穷的惊喜和反转，无处不在的彩蛋和致敬。这是导演送给影迷的最好礼物，也是他写给电影的一封情书。片尾无彩蛋，因为电影本身就是彩蛋']"
纵横四海,8.8,292737,"['有新武侠的潇洒。        “其实爱一个人并不是要跟她一辈子的。我喜欢花，难道你摘下来让我闻；我喜欢风，难道你让风停下来；我喜欢云，难道你就让云罩着我；我喜欢海，难道我就去跳海？”', '你们都知道我的性格，我喜欢西逛逛，东逛逛，我喜欢流浪，其实爱一个人并不是要跟她一辈子的，我喜欢花， 难道我摘下来你让我闻闻，我喜欢风，难道你让风停下来，我喜欢云，难道你就让云罩着我，我喜欢海，难道我去跳海？', '香港影史最赞三人行', '有些电影，就该在那个时代看……', '香港浪漫主义警匪动作片的巅峰之作！那段发哥和红姑的轮椅舞堪称香港电影史上的经典镜头~~']"
疯狂原始人,8.7,624427,"['和这个比起来ice age系列弱爆了。。。and没有男人有不要捉急，只要你力气够大，身为女汉子你总有一天能给自己抓一只男盆友', '现在好莱坞动画片太模式化了 永远都是在追求梦想或者冒险的路上有一个羁绊你的家庭/朋友，然后遇到一个靠谱异性青年/灵魂导师，经过艰难险阻重重误会发现家太阳最红毛主席最亲家人朋友才是第一位，最后无论遇到多么大的危险也不会有人死呢。所以如今只有喜羊羊才能不落窠臼了么(屁)。', '很不错的合家欢动画。故事很简单，工具，使用火等道理让孩子也能很快理解，然后又植入亲情和勇气，结尾还略感动。整个故事又有很多惊险与搞笑的场面。第一段找早餐的段落真棒，即很精彩，又介绍了主要人物，性格特点及生活环境都出来了。这是编剧很常用的手法，却也很好用。', '《超人总动员》一家人的团结与各显神通、《冰河世纪》的原野放逐与聒噪搞笑、《勇敢传说》的脉脉亲情、《阿凡达》的奇观异景、《驯龙高手》的各色萌兽……前后呼应、没有一个多余的情节，过山车式爽快节奏，一路笑着哭。2014第86届奥斯卡最佳动画长片预定提名', '就让动画片拯救全人类吧！！']"
三块广告牌,8.7,610051,"['當你完全站在喪女心痛的母親這邊時，你才發現她也可以是一個加害者；當你以為警長就是如廣告牌說的懦弱無用，你才發現他也正在自己的生命旅程面對死亡；當你以為種族歧視的白癡警察已經沒救了，又發現他竟因為一封信而完全改變。沒有誰是絕對正義，沒有誰是絕對邪惡，奉愛之名，可以善也可能是惡。', '这部竟然拍得非常温柔，有点落寞和伤感，看完会被人的善良所打动。虽然确实有些天真，但还是好爱这样的电影，会让你很享受这个故事。当然，导演之前擅长的喜剧部分仍然很到位。几个演员都非常出色，女主和两个男配，写得好，演得更好。挺奥斯卡的片，应该能有斩获吧。', '麦克唐纳真的太会写对白了，女主每次怼人都怼得很精彩（怼完神父全场掌声雷动hhh），而她怼得越畅快，就越有“一人对抗全世界“的孤胆气概；越坚强就越寂寞、越寻找就越绝望，这是属于小人物的日常英雄/反英雄瞬间，是麦又一次用十分擅长的荒谬口吻讲述了一个沉重的、很人性的故事。', '本届奥斯卡主题——美国妈妈牛逼死了。《伯德小姐》《我花样女王》《大病》《三块广告牌》拜托把这几个妈妈凑在一起吧，光聊天吵架就行，比超级英雄联盟好看一万倍。', '三块火一样烧红的广告牌，三个人，三封信。角色的面目都是逐渐清晰起来的，就像警局里前一秒两人还针锋相对，局长意外吐血，米尔德脱口而出一句“baby”，全片就充满那样意外又令人心软的转折。']"
心迷宫,8.7,353994,"['作为一部小成本处女作，这是一部值得鼓励和需要鼓励的好电影。主要好在剧本方面，多视角拼图叙事，缓缓揭开一个环环相扣的农村题材罪案故事。并以此去照出每个人心中的恶与自私。整个片子剧作结构与剧情设定都很巧。只可惜，因为制作成本过低，制作水平还是略粗糙。其实可以更好。', '剧本挺有趣的，没有让三段式沦为中国电影常见的山寨故事。电影化处理上有所欠缺（无论一眼可见的演员表现还是画面处理），不知是不是受限于制作成本，不过，作为第一部，确实不错了。中国电影的未来，依然是在乡村和县城啊。', '不造有多少编剧爱好者心里都构思着一个昆汀/里奇/科恩式的犯罪故事，有些故事可能永远都构思不完。起码这部电影把每块拼图都对上了，而且非常中国。非常中国的电影里警察很多地方是缺位的，但关键时刻会在屏幕上用汉字提醒观众他们的高能存在', '“有些事，非得问出来？不问就是压在他心头，压一辈子；一旦问出来了，这石头就是压在你心头了” 赞叙事结构，过去跟现在将来混合，多人视角交叉重叠连锁反应，最后完美衔接…没有一个多余情节，荒诞讽刺，千奇百巧，抽丝剥茧，百转千回。2015《大象》《全民目击》，超过《烈日》《吾先生》年度最佳。', '如果你认同电影就是好好讲故事，那这部电影在讲故事的层面上非常出色，故结构编排，细节铺垫，剪辑与主题都打磨的足够精致，这些方面甚至可以说没什么瑕疵，虽然它的结构也不新鲜，但这年头能遇到这种带着脑子的导演处女作简直就是一种幸运，但愿忻钰坤不会立马下海拍什么卖IP的商业大片。★★★☆']"
哈利·波特与阿兹卡班的囚徒,8.7,400963,"['整套哈利波特。我最爱这一部。最爱的场景是。哈利對赫敏說。你知道嗎。小天狼星剛才給我說叫我搬去和他一起住。這樣我就不用和德克思一家住了。或許我們可以住到鄉下去。那種可以看見天空的地方。我想他在經歷這麼多后會喜歡鄉下的。後來看到小天狼星死的時候。我特別的覺得絕望。 很多的時候我們覺得鄧布利多是最保護哈利。......\r\n\r\n', 'best of HP movies', '把原著和电影对照了一遍，感觉这部才算叫作真正的原创改编：节奏感和悬疑氛围不徐不疾，小节上处处精雕细琢。卢平最后那句“mischeif managed”比原著更回味无穷，足见阿方索暗黑大师的功力。相比之下后面的五部简直只能用鸡肋来形容！', '小天狼星殿下啊啊！《哈》里唯一一部改编得比原著小说还精彩的。', '阿方索·卡隆把黑暗紧张，幽默风趣，还有机智巧妙的构思完美地融合在这一部电影中，让人意犹未尽。']"
达拉斯买家俱乐部,8.8,326517,"['绝症不可怕，绝望才可怕。绝育不算难，绝欲才叫难。', '马修麦康纳和杰瑞德·莱托，他们两不拿小金人真是没天理。现在打赌，2014金球奖和奥斯卡，最佳男主或最佳男配，他们至少一个，若没得奖我吃键盘，上图。立此为据！！8.6（PS：键盘君终于舒了一口气，2014-3-3。= =！）', '满眼都是演技的片子，编导的功力都放在了两位戏霸身上了，一个皮包骨，一个异装癖，不是剧本给了他们多少戏肉，剧本多么偏袒他们，真的是这俩戏霸在用生命来演戏。其实这个从非法走私药物逐步到为人权抗争的故事本就很精彩，如今在两位戏霸面前，能让人印象深刻的也就是他俩的神演技了。★★★★', '剧情很平淡，几位演员奉献了他们人生最精彩的表演，不知道马修是怎么样把自己那张帅脸变成电影里那副纵欲过度的屌丝样的，再让我感慨一下演员这个职业太不容易了…我家少爷今年不得奥斯卡最佳男配我就自宫！我就自！宫！我话放在这儿了学院不举的老头们你们看着办吧！【谁管你﹁_﹁', '男主、男配演技都破表了。上次见马修.麦康纳还是<林肯律师>里那个拉轰的帅叔，又屌又骚包，这部就眼窝眍䁖、腮帮塌陷、瘦到脱形的战艾斗士了。最诗意，是万千黄蝶绕身飞舞那一幕，如幻似真。对有些人来说，活着就是紧紧攥住意志力的缰绳，制服那头蹦跶公牛，尽量不从牛背颠下，能待多久，就待多久。']"
萤火虫之墓,8.7,322700,"['又精致又催人泪下。可是二战时期的日本一点也不值得让人那么同情', '我发誓我再不敢看第二遍', '“我们做错了什么？”这话应该由日本人说么，即使是平民？妹妹的神态、动作、配音都绝了。', '看完之后很难受 战时的百姓都是最痛苦的 虽然觉得他们可怜 可是没法同情他们 在他们遭遇战争之时 我的家乡重庆的先辈们也经受着这个国家对我们的迫害 希望不要再有战争了  战争最受难的永远是百姓', '【B-】一个日本骚年，他妈死了，他爸死了，因为不想工作也不想当兵更不想洗碗做事（俗称废物）所以流落街头没钱吃饭，于是他妹也死了，他自己也死了，啊，太感人了。']"
荒蛮故事,8.8,302174,"['年度撕逼大戏，颁奖季最好也最好看的外语片之一。丛林心态下，所有的人都是animal，所有的故事都是蛮荒故事。精彩翻转，虽癫狂，细思却并不意外，生活实际的样子，远比这荒谬得多。某种意义上，<消失的爱人>是喜剧，<蛮荒故事>却是悲剧。因为前者是刻意的虚无，后者是真实残酷的白描。', '这是迄今为止天蝎座人士在银幕上最大规模的集体展现。', '“跟你做的比起来，我那做的都不算什么” 魔性十足，荒诞满分。每个人都有过一闪而过的犯罪念头，这部片子把我们没敢做出来的那部分呈现出来，狠狠戳中我们的软肋。这个世界总是如此厌倦又可笑。“没人不希望恶有恶报，但又没人愿意脏了自己的手。”', '客机坠毁背后有何惊天秘密？厨娘为何对顾客起了杀机？荒郊野外两车爆炸烧焦尸体怎会纠缠一起？爆破工程师炸毁拖车公司是有预谋还是耍脾气？顶包案背后是何种金钱利益？新郎新娘婚礼现场反目成仇与神秘女子又有何关系？请收看人间自保指南：《别刻薄 别冲动 别装逼 别较真 别贪婪 别约炮》', '同样展现社会暴戾情绪的阿根廷版《天注定》，但要比后者艺术、幽默和高级很多。可以从中胡乱联想到马航、反拆迁、药家鑫、T3爆炸、深圳车祸顶包，外带一个巴尔干谅解式的合家欢结局。']"
卢旺达饭店,8.9,212844,"['很早以前看黑镜头就知道这段历史了\r\n片中还是侧重于胡图族对图西族的屠杀\r\n但实际上 在图西族控制的地区 \r\n对胡图族也发生着同样的杀戮\r\n这是一场无法说清的事实\r\n事实没有真相\r\n只有荒谬的让人不可理解\r\n人们用最原始的武器棍棒刀叉去和自己的邻居搏命\r\n只因为他们觉得 不杀死对方对方就会来杀自己', '我不再抱怨我生在中国，我不再抱怨我生在80年代。只希望人类自毁灭亡的那天能来得再晚些。任何敢凌驾于生命之上的东西都是狗屎。', '我们看了那些屠杀的镜头 然后继续吃大餐', '当这个世界闭上双眼，他却敞开了怀抱。', '屠杀纵然可怕，但更可怕的是对屠杀的漠视。']"
真爱至上,8.6,527054,"['大杂烩，做作，人多图个热闹气氛了', '我的圣诞必备，年年都是看这个，年年心情大不同，有时候一个人，有时候两个人，有时候一群人，今晚又是一个人，心里偶尔想着另一个人，偶尔想着一群人。★★★★★', '足以 爱上Hugh Grant，爱上他的胖女孩，爱上那个男人对好友新娘无声无果的爱，爱上8岁的山姆和10岁的乔安娜，爱上英格兰男人和葡萄牙女子之间沉默的爱情，原谅那条被你带走的项链，原谅再冷都可以的圣诞节。爱上英国。', '1、每当我对世局倍感忧虑时，就会想到希思罗机场的入境闸口。人们认为世界充满仇恨与贪婪，但我却不同意。在我看来爱无处不在，虽然未必来的轰轰烈烈，但是爱永远存在。父子，母女，夫妻，男朋友，女朋友，老朋友，当飞机撞上世贸大厦时，临终打出的电话，谈的不是报复，而都是爱。如果你肯留意，你会发现爱其实无处不在。love actually is all around.', '被雷到了。。。有种看春晚的感觉 =  = 不过好想再去伦敦，好喜欢！']"
贫民窟的百万富翁,8.6,576194,"['杰玛在老大家中劝拉媞卡跟他一起逃走。\n拉媞卡：那我们靠什么生活？\n杰玛：爱。\n\n这就是现实中爱情和电影中爱情的差距。', '想了想，还是给了四星——其实我觉得它没有那么好。动人的音乐，流畅的节奏，美丽的画面——纵然肮脏也是美丽的，自始至终都充满了那种顽强的，不可遏止的生命力。\n但还是觉得……无论如何都有着欧美导演看东方那种猎奇的意思。这种“猎奇”对我们来说其实也是一样——繁华与污秽并存的孟买，阳光尘土中的泰姬陵，黑暗的街巷，垃圾堆上的贫民窟……包含的元素和符号太多了。固然有着野心和足够的手段，但同时也会冲散很多东西。\n大概还是心存警惕。不过无论如何，丹导还是有两把刷子的……这年头会讲故事的导演已经不多了。', 'just a love story again 基本上就是：《上帝之城》+《猜火车》+《阿甘正传》+《开心辞典》！本片又名：山寨富翁 / 阳光小阿三 囧！\n\n', '贾米尔和他的哥哥不是两个个体，而是人在苦难环境中的两种选择，一个始终怀有赤子之心、爱心、同情心，相信奇迹、美丽、爱情等一切美好的东西，一个被迫选择用暴力和残酷将自己武装。这不是人的错，而是时代的悲剧，即使如此，在黑暗的世界中贾米尔发出的人性光芒如同正午的阳光一样耀眼得让人不能直视', '深刻体会到命中注定一词的含义了。怎么那么多人打5星，我客观点还是给了4星。没办法，最高就是5星，我觉得这片子不至于最高，要不然猜火车该往哪放呢！']"
东邪西毒,8.6,438727,"['“每个人都会经历这个阶段，看见一座山，就想知道山后面是什么。我很想告诉他，可能翻过去山后面，你会发觉没有什么特别，回头看会觉得这边更好。但是他不会相信，以他的性格，自己不试试是不会甘心。” \r\n', '在我最美好的时间,我最喜欢的人不在我身边。如果时间可以重新开始该多好。', '“当你爱的人离你而去，你唯一能做的，就是不让自己忘记。” “如果有一天我忍不住问你，你一定要骗我。就算你心里多不情愿，也不要告诉我你最爱的人不是我。”', '还是最喜欢张曼玉在窗边那几段……', '如果感情是可以分胜负的话，我不知道她是不是赢了，但我很清楚，从一开始，我就输了。']"
你的名字。,8.4,993474,"['这部片深刻地告诉我们 一个有好剧本的诚哥有多可怕 ☄', '新海诚终于会讲一个复杂故事了，真不容易啊！当年那部搔首弄姿、无病呻吟的“言叶之庭”差点让我转成终身黑，“君之名”却轰出了我睽违已久的少女心。彗星降临的末世情怀，穿越时空的灵之绳结，只有7秒钟记忆的鱼...星空、爱情以及所有遇见都是注定。', '新海诚用这样的故事去温暖城市中每一个仍然愿意相信爱的人。在这么大的世界里，能够遇见你，竟然需要如此用力。穿越错位的时空，仰望陨落的星辰，你没留下你的名字，我却无法忘记那句“我爱你”。', '黛玉心中想道：“好生奇怪，倒像在哪里见过一般，何等眼熟到如此!”\n宝玉看罢，因笑道：“这个妹妹我曾见过的。”\n贾母笑道：“可又是胡说，你又何曾见过他？”\n宝玉笑道：“虽然未曾见过他，然我看着面善，心里就算是旧相识，今日只作远别重逢，未为不可。”', '你我相逢在黑夜的空中，你有你的我有我的方向，你记得也好，最好你忘掉，在这交会时互放的光亮。']"
记忆碎片,8.6,443736,"['你可以连看5部烂片 然后忘掉他们 或者用同样的时间 把《记忆碎片》看上5遍 然后爱上它', '导演用一种前无古人的倒序方式营造出“支离破碎”氛围，让观众深刻体验到Lenny破碎的生活及内在，我们如Lenny般扮成侦探，在电影里寻找着所谓的真实。而那织在复杂结构中的情感更让人没有办法不被感动。“如果自欺才能使我快乐，我选择如此的活着。”我们要生存下去必须给自己一个理由，否则就会精神分裂。但那些我们坚持的东西可能只是自己假象中的虚幻。一觉醒来时看着天花板问问自己：我是谁，我为什么在这里。然后你开始回忆，当那些记忆的碎片一点一点拼凑起来，一个完整的可能也并不客观的现实呈现在眼前，你，是否惶恐？', '那个不到半秒的画面。。。另外请问一下楼上那个“短”评是怎么做到的！！？', '最靠谱的评论 来自2008-02-24 04:45:21 MILKY_MOMO\u3000我比较倾向“否”的答案，也就是lenny只想杀掉间接导致他妻子死亡的仇人，并且摆脱一直在利用他的teddy。虽然这个答案降低了电影的内涵，破坏了电影的结构美。但这答案符合逻辑。 \u3000\u3000 \u3000\u3000 \u3000\u3000 \u3000\u3000首先，要确定确实存在第２个没有伏法的匪徒（这一点是没有疑问，如果网友有疑问，请自己在电影中寻找答案，篇幅问题，不赘述了），lenny的心理失忆是对他的仇恨引起的（不然“否”这答案的可能性就不存在了）。 \u3000\u3000 \u3000\u3000 \u3000\u3000 \u3000\u3000其次，lenny在杀掉第２个匪徒，大仇得报以后为什么还继续玩侦探游戏，假如lenny只想杀掉那有且仅有的一个仇人的话，为什么还有现在看的这部电影，那人不是早被lenny杀掉了吗？ \u3000\u3000问题在于lenny虽然想要结束“复仇”，但是因为记忆问题一直在被teddy愚弄。 \u3000\u3000 \u3000\u3000 \u3000\u3000 \u3000\u3000这点导演有伏笔，影片中lenny打电话时突然看到自己手臂上纹着“绝不要接听电话”的字样。这情节很突兀，唯一的解释就是lenny曾意识到有人利用电话来愚弄他，lenny早就对因为记忆问题会被利用有了警惕，而利用lenny的那人就是teddy。Lenny拒接电话后才逼迫teddy从利用电话背后操纵lenny浮出了水面，从而被lenny在一次利用自己的记忆缺陷伪装不认识teddy，试探出teddy愚弄他的事实将他锁定并且干掉。Lenny的记忆本是一种缺陷，但他利用自己的缺陷试探出敌人，多么聪明呵。 \u3000\u3000 \u3000\u3000 \u3000\u3000 \u3000\u3000Lenny只想杀掉有且仅有的第2个匪徒的心理，在电影很多地方曾被暗示过。只不过被许多网友选择无视。比如lenny和natalie的一段对话 \u3000\u3000 \u3000\u3000 \u3000\u3000 \u3000\u3000Natalie：不过即使你报了仇，你也不会记得。 \u3000\u3000 \u3000\u3000 \u3000\u3000 \u3000\u3000Lenny：妻子的仇不可不报，记不记得无所谓，即使记不得，依然值得做。即使闭上眼睛，世界并没有消失（这句是关键，lenny相信的是事实，是事情的真相。换句话说，lenny不在乎自己的记忆，而在乎妻子的仇得报的事实！）。我可以拍张照片来提醒自己，或者再纹个备忘录在身上（这句可以断定lenny打算报仇后就停止侦探生活。与之对应的是，他报仇后的照片在teddy身上，也就说明了teddy愚弄了他，teddy私藏了lenny报仇后的证据，也就是为什么lenny还在继续“报仇”的原因） \u3000\u3000 \u3000\u3000 \u3000\u3000 \u3000\u3000让大家疑惑的是电影的最后一段，貌似lenny打算销毁真相，打算继续愚弄自己。其实大家完全被lenny这个有记忆缺陷的人骗了，他销毁照片只是为了杀死teddy。 \u3000\u3000 \u3000\u3000 \u3000\u3000 \u3000\u3000分析一下电影最后一段lenny的心理独白就可以看出来： \u3000\u3000 \u3000\u3000 \u3000\u3000 \u3000\u3000“我不是杀手，我只是想补救错误（错误是被teddy利用成杀人工具，错误是误杀了jimmy）。” \u3000\u3000 \u3000\u3000 \u3000\u3000 \u3000\u3000“你以为我想再去解另一个谜（话后语当然是你猜错了）？再去找另一个John•G？你也是John•G，你可以做我的John•G。我要自欺欺人才快乐（显然不是）？teddy，对于你，我会（只对你，会，因为你愚弄了我）。 \u3000\u3000 \u3000\u3000 \u3000\u3000 \u3000\u3000Lenny的最后一段心理独白这断话表面上像是lenny打算继续当侦探报仇的宣言，其实恰好相反，这段独白最为复杂，是电影迷题的核心： \u3000\u3000 \u3000\u3000 \u3000\u3000 \u3000\u3000 \u3000\u3000“我要相信世界不是我想象出来的，我要相信我所做的事情仍然有意义，即使我不记得做了什么，我要相信，即使闭上眼睛，世界仍然存在（貌似打算继续自欺欺人，其实这是知道自己已经报仇成功后的lenny在告诉自己――即使今天以后我不记得我已经报过仇了，我做的事情依然有意义，因为，即使我不记得，世界仍然存在，事实仍然存在――即使我不记得，我也已经报过仇了）。 \u3000\u3000 \u3000\u3000 \u3000\u3000 \u3000\u3000“我相不相信世界仍然存在？（注意，这句话后有一个非常关键的画面，这是lenny幻想出的场景，lenny和妻子在床上，lenny胸口有“I have done it”的纹身。这是lenny在知道自己其实已经报仇后的一副心理画面的描写，可以看做是lenny了结了心事后的一个奢侈的幻想，一个对他来说完美的幻想――妻子没有死，温柔地躺在他身边，而同时他又报了强*妻子的仇，I have done it。妻子没有死当然只是幻想了，剔除了这点，只剩下了另一个让他满意的信息剩下，I have done it！我已经做完了！因为这是lenny梦想中完美的世界，我们可以就I have done it这一句断定，lenny渴望的是已经做完了，而不是要继续欺骗自己去报‘假仇’，换句话说，lenny渴望终结，而不是没完没了。另外，扯离话题，这个幻想的镜头真是一副让人痛彻心扉的画面――妻子抚摩着他纹着身的胸口――这画面用弗洛伊德梦的解析方法来分析，包含着非常复杂，信息量巨大的感情――这里面lenny对妻子蕴涵的爱就不说了，lenny的孤独，复仇后希望把消息传达给死去的妻子而不能的伤心，以及lenny以残疾之身得抱大仇背后的艰辛，特别是这种艰辛渴望得到已经不可能得到的的妻子安慰背后的痛心。无奈，巨大的无奈！这画面让我无泪。） \u3000\u3000 \u3000\u3000 \u3000\u3000 \u3000\u3000世界仍然存在？我们需要记忆确定自己的身份，我并不另外（这句话lenny说的很得意。是lenny想出杀掉teddy的办法并且能终结自己复仇生涯后的得意――至于lenny想出了什么办法终结自己复仇生涯后面再讨论――lenny很得意，一种认同自己的得意――所以他说，我并不另外。）” \u3000\u3000 \u3000\u3000 \u3000\u3000 \u3000\u3000好了，不磨叨了，用一个情节就能完全确定lenny的不打算继续自欺欺人――那就是他纹在身上的“事实６”， teddy的车牌！ \u3000\u3000 \u3000\u3000 \u3000\u3000 \u3000\u3000当lenny杀死teddy后，这一切都结束了。Lenny的所有复仇的线索（文身）都指向teddy，当Lenny杀死teddy后，所有线索都终结了，lenny会很容易调查出他的仇人的车牌是个死人的车牌，他也没有任何线索再继续下去了（再继续？你先让lenny把纹了一身的文身清除掉吧，否则每次他都是找一个死人报仇了）。这就是lenny想出的既杀了愚弄操纵他的人，又让自己停止继续报假仇的办法。 \u3000\u3000 \u3000\u3000 \u3000\u3000 \u3000\u3000整个电影可以简单地看做一个记忆残疾人杀死利用他的残疾来愚弄操纵他的人的故事。 \u3000\u3000 \u3000\u3000 \u3000\u3000 \u3000\u3000另外，最让观众疑惑的是teddy说lenny自己撕掉了警察档案的１２叶纸来自己欺骗自己。你真相信teddy的话吗？teddy的话虚虚实实，有些是真，有些是假，这一段就是假的，事实上，那档案应该是teddy撕的。试想，teddy要是不故意迷惑lenny，又怎么能利用他，欺骗他来杀掉jimmy呢？teddy私藏了那些照片。电影中lenny不接teddy \u3000\u3000电话时，teddy把lenny的报仇后的照片塞进主角房间，逼lenny接他电话。为什么lenny报仇后的照片在teddy手上？因为teddy要误导利用lenny去帮他杀人，所以teddy不能让lenny有已经报完仇的证据，所以teddy私藏了那些照片。与之同理的，teddy既然能用把lenny报仇后的照片私藏的办法误导利用lenny，那么teddy也能（而且必须）用相同的手法撕掉那１２页的警察档案来误导lenny（不然，无法利用他）。至于影片最后lenny又烧了照片，这还是涉及电影的“ＢＵＧ”问题，和为什么不立刻杀死teddy是一个问题。 \u3000\u3000 \u3000\u3000请你再注意电影开始的第一个镜头，是lenny拍下了teddy死亡的照片。假如lenny打算继续玩杀人游戏，那他就不会拍下这张照片了。他拍下照片，就是要结束所有一切。假如lenny决定继续玩杀人游戏，他何必拍下照片。如果按照你的解释，lenny会再把照片烧掉，这样解释不是脱了裤子放Ｐ，多此一举？\u3000\u3000\u3000\u3000 \u3000\u3000 \u3000\u3000lenny杀死jimmy时，他也是立刻拍下了照片，要保留证据。结果jimmy临死时说出了“Sammy”这个词，lenny立刻明白自己杀错人了，非常痛苦，责备自己说“我做了些什么啊”。这时候teddy来了，lenny非常机智地假装不认识teddy，利用自己的缺陷明白了原来这一切都是teddy导演的，然后才对teddy起了防备之心（或者杀机）。 \u3000\u3000 \u3000\u3000你思考一下这个问题：lenny只有十分钟的记忆，是否可以证明lenny的个性是永恒不变，处理问题的方式永远不变――因为人的性格不会在十分钟内发生巨大变化。假如lenny烧照片的话，那么说明他的性格和处理问题的方式在１０分钟内（其实更短）发生了巨大变化。 \u3000\u3000 \u3000\u3000说的更深一点，假如你的解释正确，lenny是喜欢玩“侦探杀人游戏”的人，那么他就是个草菅人命的垃圾，为了满足己私，不顾其他无辜人的性命，就lenny的“个性是永恒不变，处理问题的方式永远不变”的生理弱点来推测，假如lenny是这种人的话，那么lenny在杀死jimmy后，为什么会为自己杀错了人而后悔？我们把剧情截断，如果lenny在杀死jimmy后，teddy没有出现，你觉得此时为杀错人痛苦万分的主角会决定继续玩杀人游戏吗？ \u3000\u3000 \u3000\u3000这样就在一个恒定性格的人身上产生了一个人性悖论――――――杀错人后悔――――――――想要杀无辜者来满足自己私欲。想要杀无辜者来满足自己私欲必然会杀错人，杀错人会后悔就不会想要杀无辜者来满足自己私欲。你怎么解释这种人性矛盾？别和我说lenny是多重性格的人，那么我就汗了。 \u3000\u3000""保留他存在于这个世界的意义""是很一厢情愿的看法. \u3000\u3000 \u3000\u3000整个电影没有支持这种观点的任何事实上的线索，之所以有很多人支持这种观点，无非是teddy那一大段的“１２页纸”那段话，这是teddy误导Lenny的话，大家也都被teddy误导了。 \u3000\u3000 \u3000\u3000""保留他存在于这个世界的意义""只是teddy一个人的结论，是teddy灌输给你的观点。 \u3000\u3000 \u3000\u3000整个电影非常让人迷惑，惟独teddy的那一大段对话说的十分明白，所以观众很容易在一片迷茫中错误地感觉到拨云见日的错觉，认同这个撒谎者的结论。 \u3000\u3000 \u3000\u3000teddy一直在误导Lenny，这样的人说的话，你也信？ \u3000\u3000 \u3000\u3000奉劝大家，如同Lenny告诉自己的：别相信teddy。相信他的话，你就被耍了。', '虽然知道多看几遍有可能会看懂，但我觉得应该把这个时间献给更多的电影。']"
花样年华,8.7,411638,"['王家卫最强的,就是让人掉到一种情绪中去', '张曼玉比梁朝伟高，但他们站在一起那么协调。想来，是穿了高跟鞋的她，懂得委婉地低头的缘故。', 'They are in the mood for love, but not in the time and place for it. 剧本很有意思，设置了一对在电影里没有任何镜头的偷情男女，却又无时不刻地提醒着周慕云和苏丽珍不要做爱，所以王家卫镜头里沉闷的男女，空荡的房间里充斥着一种不可得的情欲，极省略的叙事，舒缓优雅的大提琴曲配乐实在是太到', '第一次看，觉得也不晚，年轻时恐怕也看不懂。拍这部片时，王家卫42岁，梁朝伟38岁，张曼玉36岁，的确是要过了盛年才能领会的感情，带着中年人的自制与含蓄，而没有了少年时的热烈。可为什么要叫“花样年华”？也许对他们来说，这时才是最好的？没有鲁莽，但也还未衰老', '隐忍的中年激情。＂我一开始只是想知道他们是怎么开始的，后来我发现原来一切都是在不知不觉中发生的。＂']"
爆裂鼓手,8.7,400812,"['清晰果断。……另外这部电影真是不错的试金石，看看短评就知道了。只从中看到痛苦，而看不到痛苦之中挟裹着快乐的人，大概从没认真追求过什么。', 'J.k.西蒙斯应该能拿下男配！这片子的节奏感实在太棒了，爵士乐和剪辑简直融为一体了，还有西蒙斯机关枪版恶毒的台词，脏字就像鼓点一样密集且激烈，几场打鼓的重头戏在镜头上都是细碎古怪，靠剪辑重新赋予整体戏一气呵成且不断加速的节奏，可惜整部电影还是碎的，否则就真成大卫·芬奇了。★★★★', '我在同样变态的师傅手下呆了三年，祖宗十八代被骂了个遍，没空吃饭上厕所睡觉交朋友谈恋爱，脊椎侧弯，颈椎强直，严重慢性疲劳，什么都没干，就是学敲键盘写文章。而我的极限在我妈看来不过是纸上吹牛皮而已。这个世界从不善待努力的人，努力了也不一定会成功，但是知道自己在努力，就是活下去的动力', '燃！爆！了！相信每个练过乐器，或者在艺术表演方面付出过汗水的人都能找到深刻的共鸣，那种对严师又敬又怕，想汲取他们的能量却感受被逼至悬崖的窒息感，想在技术上完美再完美一点却发现音乐远不止这些的惊喜与恐惧... 片子就像里面的爵士乐，是肾上腺素爆发的血汗结晶，它不完美却无可取代', '他得到了世界，他失去了灵魂。']"
黑天鹅,8.6,637201,"['那一颗星星是被吓掉的', '在离成功还差一步之遥的时候请不要丧心病狂', '舞台上那段黑天鹅太惊艳了！！！！！！Natalie这牛逼演技！！！！！！', '有点无聊 教育我们不要逼自己太紧', '不配5星，至少20星。']"
一个叫欧维的男人决定去死,8.8,266670,"['剧情其实特别套路，每一个步骤都似曾相识。欧维就像飞屋环游记中的卡尔，怀念着完美的故人的同时偏执和固执被邻居一点一点的磨平最终变亲近。淡淡的音乐伴随着平凡又不平凡的小人物的一生。最后一幕真的无法不想到泰坦尼克吧。', '气哼哼的人要是爱起这个世界来，真是一把鼻涕一把泪啊。', '忧郁蓝为构色基调，适当的黑色幽默略显温馨，亡妻回忆杀构建出老人高大的男友力max形象，毒舌暴戾的外衣下是颗极感性的心，所有的抱怨均是对这片土地爱的深沉，古板和偏执让人格更显真实。当然，作为北欧片少不了提下环境与人文问题。北欧的天和一个一生爱你的男人，这就是女人一生想要的了吧。', '巨人的花园，男主年轻时那副严谨又害羞的样子真是太迷人了。', '越多白痴的声音议论她，我对她仅存的回忆就越少。']"
忠犬八公物语,9.2,133487,"['美版的才是忠诚，日版的看到是凄惨和无奈，无家可归，忍饥受冻，被人遗弃，追打，如果给他一个家，像教授一样爱它，它也不会这么凄惨，只能在车站那苦苦的等待那个唯一爱它的人。', '我等你是因为，再没有人像你对我那么好T T', '看過才感受到美國版跟日本版的極大區別，除去整個情緒上的控制度，看過日本版才能理解為什麼阿八會用牠的餘生去等待主人，因為教授實在太愛牠了啊！教授對牠的那種愛和呵護是美國版完全沒有表現出來的，如果先看美國版會認為這是一隻神犬，跟主人之間的情感是冥冥中的，但日本版告訴我愛絕對是相互的。', '喜欢教授那句话：人有人格，狗也有“狗格”。日本动物爱护管理中心主页上写着：1.无法继续豢养的动物，请不要丢弃（以前是免费，现在只需交付2000日元即可由保护中心收容接管）。2. 遗弃、虐待动物是犯罪。3. 遗弃动物者，处以50万日元以下罚款。4. 杀、伤动物者，处以一年以下刑拘或100万元以下罚款。', '一只狗对其生命最初的爱，又想起那句话“我们之所以痛苦是因为我们曾经幸福过”']"
黑客帝国3：矩阵革命,8.8,301296,"['见过太多的才子，才发现都是膜拜的傻子。\n到底有多少的电影有你的影子。', '一个bug和一个流氓软件打来打去，打来打去和打来打去', '相对于第一部与第二部，这次的完结篇动作场面和特技场面大幅增加。以表达“和平”为战争的主要目的，并且还有几条感情分支为辅助，以大规模机器人作战和最终一战都堪称完美，也让这个经典的科幻作品画上了完美的休止符。★★★★', '看完之后觉得没看懂于是看别人的剧评，感觉自己好像懂了，但是再看一遍又发现好像有解释不通的地方，于是又找搜索剧评，如此循环往复，还是觉得似懂非懂的一部电影。算了还是欣赏帅帅的基努里维斯就好啦', '以前科幻看得少，不太能理解，现在再捋一捋剧情发现简直是神作！ 可惜了这俩导演后来再没拍过有点口碑的片子了']"
模仿游戏,8.7,437260,"['看完之后才理解为什么学校的数学楼叫alan turing building，为什么工程学院的咖啡馆叫enigma cafe', '他给机器起名“克里斯托弗”，因为这是他初恋的名字；他同意接受化学阉割，因为这样政府才不会把它带走：这大概是今年大银幕上最含蓄和悲伤的一段同性恋情了。全世界的恐同者都该知道，他们用来敲出每个仇恨字眼的电脑在很多年前曾有一个名字——“克里斯托弗”。', '1最佳soul mate是去掉性吸引力 你仍是完美伴侣  2唯一爱你的方式，是建造一部解决人类所有问题的机器，冠以你名。 卷福又上升了一个新高度，演绎淋漓尽致  结巴天才四星半', '最后她去看望他，拥抱他。他孤独地站在那一排为之奉献一生并恩泽全人类的庞大机器面前说，I’m not alone，never have been。然后伸手抚摸那些柔软的冰冷。它是他的恋人。而谁记得，孤独的孩子，你是造物的恩宠。', '天才之觞。Alan Turing的这台baby computer如今安静地站在曼城的科学工业博物馆一角，看电影之前我刚去看了它。机器不能思考，但天才倾注于它的所有心血和情感，也许是他孤独短暂的一生唯一可宝贵的珍藏。']"
哈利·波特与密室,8.6,419912,"['再没有什么比一封吼叫信更叫人晕菜了！', '邓布利多说：让我们成为哪种人的并不是我们的能力，而是我们的选择。', '如果一直能由哥伦布导演，那哈迷该多幸福啊...', '最最最欢乐的一刻是当邓布利多宣布取消考试、全部学生都高兴地拍掌的时候，赫敏幽怨地说了一句：No~。', '那时候看电影才9块钱！']"
头脑特工队,8.7,421800,"['皮克斯第一部没有反派的动画也是其最大胆的作品。整部影片在给孩子看的低龄冒险故事之下，满是只有成年人才能体会到的源自生活的非凡想像力和创造力，核心记忆，个性小岛，抽象空间，造梦制片厂，潜意识监狱，遗忘深渊... 而一如既往的欢笑与感动更使之成功挤进皮克斯TOP之列。', '不止是卖萌的画面和天马行空的想象力，看完电影后会重新审视自己的情绪，记忆，甚至梦境。BingBong消失的时候我哭得和Toy story3结尾时一样……', '果然想象力爆棚！最惊喜的倒不是五种情绪的互相作用，而是对影响性格与情感的个性之岛、核心记忆、抽象思维、造梦工厂影像化的呈现。记忆废墟的设定太催泪了，那些被遗忘的曾经和所有崩坏的岛屿，就是我们成长的代价。', '当有天我们会为快乐的回忆流下眼泪，那种笑中有泪的感觉就是长大啊。本质上只是一个儿童故事，但皮克斯的想象力让人叹为观止，尤其是构造出一个妙趣横生而又严谨有序的脑洞世界，看完后好想扒看每个人的脑内呀！！！', '为嘛我觉得不怎么好看，有点无聊']"
你看起来好像很好吃,8.9,249527,"['这个故事告诉我们霸王龙也是可以过肩摔的！！！！！！（小甲龙的声音怎么可以这么萌T▽T（话说这片是天然腐啊兄弟爱父子情敌友CP啥的', '里面的恐龙都像是一群会走路会说话的龟头', '童年时彩色的果子和森林，迷路时被莫名其妙的青色包围，可以开心吃肉的平原是一片金黄，小甲龙的盔甲粉橙搭配得真奇怪，面对父亲的时刻不知为啥周围变得灰暗，遇见情人日子天空澄净如许，和妈妈告别时下着白茫茫的雪……嗯，感谢妈妈你让我来到这个七彩斑斓的世界。', '无论你去往何方，不管何时何地，我都会永远永远的爱着你。', '怎么看都是个大悲剧啊！！最后……这群萌萌的恐龙们……全都灭绝了。']"
未麻的部屋,8.9,189725,"['“好片子，但不想再看第二遍”', '达伦，你到底从今敏那里偷了多少灵感，这和《黑天鹅》的设定有很多相似之处啊！镜子的割裂，心理暗示，散碎的剪辑，真他妈牛逼。', '谁说今敏不牛b我跟谁急', '好的剧本就是就算你猜到了结局也猜不到全部', '想想看这才是1997年的动画电影！今时今日很多真人电影仍然无法比拟它的用心良苦、诚意、和所达到的效果。为了扑朔迷离，今敏用尽心思。']"
雨人,8.7,310241,"['ray……听上去很像rain，愚顿的哥哥曾经对心爱的弟弟说，我是rain man。直到生命进行到成人的阶段，弟弟才突然想起，童年时，他的生活中曾经有一个爱他疼他的雨人……', '我可不可以把它看成一部公路片，某种程度。', '年轻帅气的阿汤哥，让人眼前一亮的霍夫曼。故事简简单单，配乐大气，并没有特别煽情的段落，不刻意讨好，不哗众取宠，让人看起来十分舒服，让人感动在不知不觉中。★★★☆', '如果影片可以不那么拖沓.我会把它列为四星.结尾很感人.中间有很多情节可以砍掉.', '是，我知道你并不健全，但那人格魅力并不消减。']"
新世界,8.8,237222,"['韩国电影的山寨路线中心思想就是【西巴！】——要做就做狠一点，于是，新鲜的东西就出现了。', '好伟大的爱情片，我都快哭了', '哈哈，延边刀客，中国黑客', '弄巧成拙姜科长，无心插柳李子成，唯我独尊李仲久，超长待机是丁青，壮哉天朝大黑客，实力助攻小延边，智商不够高局长，我没看够宋智孝', '棒国人终究是酒心糟瓤，讨香港黑帮片经吃不到一半，落一碗戾气。他们学不会唯美与浪漫，粗鲁的对吼，残忍的复仇，源自骨子里的自卑，一代又一代的“怕”与“恨”。']"
无敌破坏王,8.7,384674,"['即便今年的动画电影整体水平偏低，也不至于把这样一部作品推上神坛。', '正太把御姐，罗莉泡猛男——这真是一个三观尽毁的电玩世界！', '蜀黍和萝莉、御姐和正太的逆天组合，和《复联》《林中小屋》一样，以“穿越”串起主轴，却没有前者的一锅乱炖，而是毫无违和感。以“反英雄”主角的消极情绪，一路升温来找回正能量。倘若你曾是8位机或游戏厅的玩家，必定能够旧梦重温、重拾童趣！', '如果说人设制作配乐什么的是动画的血肉，那创意和情感就是动画的魂。而为什么当初说《勇敢传说》让人失望，因为它虽然将前者做到无可挑剔，但它的后者却弱到爆。《无敌破坏王》游戏机内世界的设定之巧堪比当时的《怪物公司》，而对于主角心理的描摹也令人叫好，小机灵更是遍布全篇。最后我有泪啦。', '迪士尼的华丽逆袭！\n当拉尔夫落向可乐山，耳边响起坏蛋宣言的时候，即使我已经猜到了结局依然被感动到一塌糊涂……']"
海街日记,8.8,285544,"['娶大姐为妻，和二姐谈恋爱，把三妹当妹妹，生一个四妹这样的女儿。我爱这温暖治愈的四姐妹，像爱我用心写过的四首诗。', '“有些电影惊心动魄是在提醒你它是部电影，而有些电影平平淡淡是在告诉你这是生活。”', '四姐妹在自己家还得穿胸罩，看来大家的关系也没有很好！', '把绫濑遥、长泽雅美、夏帆拍得美，是一件太简单的事——譬如开头。但在多数时候，是枝裕和故意让她们显得没有那么美，与那座老房子和日常事物紧密粘合。一花一世界，一木一浮生。反正打开二十秒，后面就停不下来，不想快进不想暂停更不会想关掉。说很平淡很无聊的，开什么国际玩笑啊。', '总觉得一种日式情趣压倒了电影本身']"
冰川时代,8.6,460884,"['很久很久以前的冰河世纪，一只剑齿虎攻和一只树赖受相遇了……最后他们和宠物长毛象幸福的生活在了一起。THE END~', '不同类，要成为集体，是多么艰难，又是多么简单 类与类融合很难，个体与个体相爱很简单 爱都是个人的事，与种族无关', '还好是由动物出演，如果是真人的话，你一定大叫：“哇噻，这是一部gay片来的嘛”！三个雄性动物千里迢迢护送一个小baby回家……？其实我早就过了为卡通片的桥段而感动的年纪，但是在三个动物与小baby告别的时候，我还是情不自禁的哭了，只不过，眼泪还没擦干就又马上嫌弃自己太恶心……', '这只松鼠才是角儿！', '非常温暖，非常感动。我们一起去南方，不离不弃。']"
恋恋笔记本,8.5,479534,"['1.先入为主是王道。2.等人不要等過7年。', '英俊的木匠啊，一見鍾情的表白竟然能支撐整個一生。如果在現實里能有人長情到這地步，哪怕是同性之間的相濡以沫，也值奮力擁抱死去時緊握雙手。她恢復記憶的時候不超過五分鐘，推開他的一刹那，比任何一次的分別還要惹人眼淚。最後算是圓滿，你不會失去什麽，在蹣跚、年邁、冰冷軀體，舊時的烈火中。', '爱情没有那么多借口，如果不能圆满，只能说明爱的不够。 ', '老人不是诺亚，那是最感人的一笔', '飞屋环游记前传']"
惊魂记,9.0,167687,"['且看诺曼的last smile  毛骨悚然！', '最后那一抹笑容堪称经典。', '""伪""的就是""娘""！', '看这部电影必须回答一个经典的问题：女主角遭到刺杀时，镜头直面花洒，花洒每一条水痕都清晰无误如同肉眼看着一样上镜。请问，摄影机是如何做到的？', '人格分裂的鼻祖，试想60年代人们看到这部电影时能有几个不喊牛逼的']"
海边的曼彻斯特,8.6,356505,"['那些劝我们向前看的朋友，“不是所有人都可以和过去和解”', '我和我不想要的后半生，我和我不愿意和解的自己。你们都朝春天去，就留我在破碎里又丧又美丽。', '有時關不上冰箱的門 腳趾撞到了桌腿 臨出門找不到手機 嚎啕大哭 你覺得小題大作 只有我自己知道為什麼', '这么多年看电影教会我尤为重要的一点就是独立意识，不要去迷信什么口碑，自己的感受是怎样就怎样，怒我直言，真没看出这片子好到了什么程度。', '我们都有权利不与自己的过去和解。#2016TIFF']"
二十二,8.7,215436,"['看完片子我甚至是有些愤怒的，愤怒成片辜负了这深重的题材。实质内容大概只有五十分钟的题量非要拖长到两个小时，导致结构非常松散，插入了大量漫无目的的镜头使原本打动人心的题材变得苍白无力。主题不够明确，剪辑缺乏章法，摄影的艺术性更适合影展而不是纪录片，政治正确没问题，问题在于过于刻意。', '可能成为这些老人最后的影像了。不谈技术，这部纪录片本身的意义值得五星。', '关于应不应该拍这个问题，没有记录，最后真的会变成从未发生过。记住并不是为了带着恨，只是有一些东西不应该被遗忘。', '题材很好，但是这部纪录片几乎没有成形的故事，以大量空镜头表现情绪，对内容进行碎片化的罗列，而挖掘不深，镜头语言上的调度目的太过于显著。虽然知道拍摄很难，但是纪录片毕竟不是写调查报告，必须作为一个成熟影像展现给观众。', '被将近结束时的一段话打中，大意就是，早知帮她们跟日本政府打官司不会有结果，就不去打扰她们了。其实，不管是去打扰她们，还是不去打扰她们，我都能理解。只是记得尊重她们，尊重她们的疼痛。她们不是被八卦的对象，也不是国家间唇枪舌战的武器。']"
房间,8.8,289635,"['小演员没提名最佳男主角，一定是为了把小金人让给莱奥纳多。', '小男孩才是真正的主角，故事站在受害者的视角上，讲心理自救，母亲努力让儿子和同龄的孩子一样，故事选择了一个非常有趣的切入点，环境改变到内心改变，一切都以小男孩的情绪展开，很有难度，所幸小男孩的演技是奥斯卡级别的，剧本是模式化的类型片写法，前一个小时非常完美，拍的工工整整。★★★★', '被偷走的岁月，被伤害的生命，被禁锢的灵魂，终将被希望和善意救赎。', '电影开场一个半小时：卧槽原来这孩子是男的！！！', '#LFF2015# 前半程在room里是有趣博眼球的地方 但后半程逃脱room之后才是决定该片是鸡汤还是严肃戏剧的时候 然而后半部分表面化了所有实质性问题 两位主演都一级棒 可惜沦为了亲情鸡汤']"
恐怖游轮,8.5,571784,"['好吧，Triangle，多好的名字，谁TM给译成《恐怖游轮》这个标准的B级片片名的！？', '有小聪明，少大智慧~详细一点说：导演有一定匠心，但是全片看太注重一些边边角角部分，整体结构上显欠缺，解释不合理，主线力不从心，细节再装扮的故弄玄虚也算不上上佳之作，姑且三星', '我看过的最好的悬疑片，为了严谨，加上之一。。。\r\n一个循环的世界，西西弗斯的世界。。。\r\n看完给人以警醒，我们总是在说，如果给我再来一次的机会，我一定会怎么怎么样，但是真的是这样么，电影给了我们一个很好的答案。。。\r\n最后再说一句，看懂了这部电影的人，会毫不犹豫的给5星。。。', '知道自己命运的人最恐怖', '不要企图在重复中寻找已经失去的爱']"
虎口脱险,8.9,171565,"['永远看不腻的喜剧！', '看过不下20遍,从小到大都喜欢的电影', '这片子比<举起手来>高明在哪里？我想可能是它不止于愚化对手制造牵强笑料，而同时对阶层矛盾、异国文化之间的碰撞等喜点进行了密集捕捉&戏剧化的组织吧。不明高分9如何当得起，许因为是当年译制片中少有这种挤牙膏样头笑到尾还吊着胃口的喜剧？但说实话，<无耻混蛋>里的敌人迷人得多，戏也紧得多', '法国喜剧展。终于在大银幕上领略了这部经典喜剧的风采，其实称得上是战争意淫剧的始祖，只不过咱们中国的《举起手来》学的太低劣，人家很高级罢了。里面的剧情bug很多，但是笑点设计的很高级，过去几十年仍能给人们带来欢乐，这就是经典喜剧的魅力。菲耐斯真的是喜剧天才，他的名字值得被更多人记住', '娘的,这就是货真价实的喜剧片']"
魔女宅急便,8.6,338279,"['我喜欢她头顶的大红蝴蝶结，还有狠狠白那个小男生的一眼', '看电影最能触动你的时候，就是电影的宗旨在你最迷茫的时候告诉你现在必须要做什么！KiKI成长了，你呢？KiKi又能飞了，你呢？', '结尾仓促，情节简单', '虽然设定都♥♥♥♥♥满点可是结局是怎么回事儿好突然……突……然……………………', '是时候，长大了！（当琪琪无处安家时，索娜姐姐好心留宿，琪琪激动地一句“真的吗？老板娘…”眼泪悬眶；看见多多一家人如此爱护年事已高的狗狗杰夫，我的眼圈又有些湿润了；当琪琪的魔法变弱后，琪琪不断试飞，她说，要是没有魔法，她就是没有用处的人时，看到她如此失意，我再一次泪流。2013.03.16）']"
奇迹男孩,8.6,419040,"['在这种家庭里做一条狗都好啊', '有种糖放多了的感觉，精华基本都在预告里了。但对孩子们的纯真友情毫无抵抗力啊，就像被温柔的抚摸了一下软肋。Jacob Tremblay涂着厚厚化妆都能感受到演技，小李子真好意思把奥斯卡摆在家里吗...', '其实这更像当代童话，因为，实在是太暖了。里面每个人都那么暖，怎么可以那么暖，怎么可以那么暖！像一个暖心的童话故事。虽然，我也怀疑这样故事的真实性，但是，却喜欢被这样暖的故事感动，一度哭到不行。', '当时出国以后的第一最大感受就是尊重，不论老弱病孕还是任何“与众不同”，都不会有人上下打量你。我不能说他们内心是否真的友善，但是尊重是最起码的原则。希望这个世界多一些善意，任何人都有自己存在的理由和方式，看到每个人由衷接受Auggie的时候太暖心了。', '所有人都知道是化妆只有我一个人以为请的真实病人出演吗。。。']"
人工智能,8.6,318656,"['很奇怪，看斯皮尔伯格的电影，即使有些场景拍摄得十分感人，但总是不能让我从心里感动，可能是觉得太商业了，太刻意了？', '那只熊在自己缝自己！！', '那个小男孩真的很会演戏', '如果不能爱我很久，为什么要启动我爱的程序？', '实在没想到这是一个跨越两千年的故事！！泰迪熊很有意思！！仍旧还是不明白，为何好几部科幻都是阴暗的环境基调。一个不能吃饭，难有共同生活的“机器人”如何融入人类生活？人类连自己的异见都难待见，更何况非同类。屠宰场，也有意思。。。']"
疯狂的石头,8.5,579162,"['中国最nb的片', '聪明的宁浩，能走多远？', '难怪老外会看不懂。重庆话版太接地气啊，简直笑死爹了～～～～～～～～', '最可贵的一点是没把观众当傻子。国内电影都指着这样儿拍就行，嗯', '重温。别说，这片还真能经得住考验，也不是简单一句模仿盖里奇或多线叙事就能概括的。特别里面几组的人物都不仅仅是作为结构故事制造笑点等功能性的存在，而是几乎每位出场人物塑造的有头有尾性格鲜明紧扣主线笑果突出，还贴近生活反映现实，这就很难得了，在这方面石头其实做的比烟枪还要好点。']"
雨中曲,9.0,149049,"['“从此以后，我只在乎一个影迷”、“你是我的歌，春夏秋冬”…于是以后，见到这样的路灯，就想扶着灯柱起舞。', '我曾无数次从《发条橙》、《AI》、《如果爱》、《WALLE》里看到对《雨中曲》的致敬 今日终于承认：这就是人类歌舞片的巅峰，超越《音乐之声》，秒杀一切，无与伦比。当然 刻画、节奏、布景等等有着非常多的毛病 还是搁置下来 好好看看吉恩凯利俘获美人心时的那副小样吧 这绝对是影史最珍贵的片段之一', '无声电影向有声电影过渡时期，着实废了一批无声电影明星，一部分是因为嗓音，一部分是因为表演，无声电影演员的表演，效果夸张，类似戏剧，而在有声电影里，这种浮夸的表演显得十分的刻意和做作；这部雨中曲，一直都是影史的经典，搁在今天来看，也只剩下精彩的歌舞了。', '室外瓢泼大雨，路人皆狼狈。苏东坡竹杖芒鞋吟啸徐行，这是东方的智慧；唐舞步翩跹送人雨伞，这是西方的浪漫。偏偏那么巧跳进了她的车，被一顿讥诮；又恰好蹦出礼物蛋糕，结成欢喜冤家。有声电影初期配音话筒造成的笑果，如今已不复存在。但借着旧影像，千人共赏巨幕修复，回溯到电影最初的优美与笨拙。', '美国歌舞片的代表作。Gene Kelly初获芳心后在雨中欢快地载歌载舞，此段情节堪称歌舞片历史上的永恒经典！我都不记得我把这段看过多少遍了。']"
绿里奇迹,8.8,201399,"['带着满脸的眼泪和鼻涕泡儿看完的', '“我累了，不想活了，真的，我不想再像孤雁一样，我不想再过没有朋友的日子，我希望有人能告诉我该何去何从，我不想再看到丑陋的人性，我不想在每日承担全世界的痛苦。”讲的是耶稣么？十字架变成了电椅。', '片子缺少一种关键的非现实渲染，让人感觉离奇得难以接受，但是仍然是一部好片子', '能把悬疑拍的好看我觉得有难度，虽然接近200分钟时长，但却不觉得冗长，值得回味的电影。', '天使也怕黑暗。']"
小偷家族,8.7,591748,"['或是被第三者插足，或是不受父母待见，或是被辞退，或是父母根本不想把Ta生下来……这群被抛弃的人们，却共同组成了最温馨、最和睦、最融洽、最可爱的家庭。\n他们或是失业，或是工伤，或是以偷窃维持生计，或是在风俗店工作，他们生活在社会的最底层，他们缺少物质财富，精神生活却无比充实。\n他们每个人之间都没有血缘关系，但每个人都比原来的家庭过得更加快乐。\n结婚不意味着幸福，被丈夫抛弃也能子孙满堂；\n生了孩子不一定就是母亲，没有生育能力也可以给予母爱。\n柴田治以为什么都教不了孩子，却教会了他什么叫青春期。\n亚纪远离了富有的家庭，因为4号先生的肩膀更让她感到温暖。\n由里遭到亲生父母虐待，却有一位素不相识的人愿意以失去工作的代价保护她。\n富有富的活法，穷有穷的活法。我们在丰衣足食中颓废度日，他们在贫困交加中感受大爱无疆。', '那些说是枝一直致敬小津的人可以歇歇了。这次他拍了部让小津最深恶痛绝的今村昌平式的蛆虫电影。在瓦解冷漠虚伪的传统家庭概念的同时，他呈现了萍水相逢的蛆虫之间可以有怎样真挚动情的爱。一部以弱者的温和善意与牺牲精神挑战人类道德伦理制度上限的无政府理想主义之作。', '最费力的成长留在树上的只有壳，最狰狞的伤口留在皮肤的只有疤。最动人的烟火绽在空中看不到，最深沉的感谢飘进风中听不清。你教我食物最美味的吃法，却教我获得食物最羞耻的手法；我学会祈祷最灵验的手势，也学会用来祈祷最不齿的心愿。我在商店里偷换掉童年，你在泥土里掩埋了伤疤，而我们组成了家。', '如果说爱你，还打你，那一定是说谎；如果爱你，就会像安藤樱一样紧紧抱住你。（沉溺于安藤樱的美色无法自拔', '安藤樱那场在警察局双手不停抹眼泪的戏，演技大爆炸，可以说是年度最佳哭戏！']"
爱在午夜降临前,8.8,233213,"['这世上不会有一个绝对完美的灵魂伴侣，永远都不会有。也许会有那么一霎那的真爱，这不完美，但这就是真实。你如果看不到，你就是他妈的瞎子。', '“我虽努力，却难于去亲近自己心爱的人”经历了平淡、争吵、否定、相濡以沫所有最真实的感情状态，18年过后，最难的是仍对彼此保有激情。上一次看到这么纯粹的爱情电影，还是九年前。伊桑朱莉理查请你们9年后准时回来，哪怕拍不动了、聊不起了、原地静坐90分钟，也好啊。期待2022年的第四部。', '为什么要结婚为什么要生小孩为什么要毁掉自己的生活', '不壞，但也不能說是傑作。前兩作中清新雋永的氣息被時光的塵埃所覆蓋，如同兩位角色身上歲月的痕跡。總覺得導演這次沒辦法這麼巧妙地抓住時辰轉換時為心境帶來的細微變化，讓邂逅充滿魅力的時限這次也不這麼急迫，讓觀眾只是重溫舊夢罷了。午夜之前或之後，這依然只會是平凡的一夜，如同這部作品一般。', '虽然之前的争吵真实得让人糟心，但结尾逐渐拉远的镜头仍让人感动。前两部的浪漫与激情都变成了书里的故事，这一部则完全生活下来。各种鸡毛蒜皮的琐事只是一个假设，关于如何让爱延续一生。生活中总会有这样那样的矛盾，人也会变老（比如半裸的朱莉·德尔佩却很难让你觉得性感）问题是我们如何挨过去。']"
罗生门,8.8,221162,"['想起史铁生的一句话：“历史在发生时未被发现，在发现时已被重组”，没有绝对的真实能在叙述中被还原。很赞同看过的一个说法“谎言的对立面是宽容”，听者的理解力与接受度影响着叙述者对真相还原的保留度，你若能对他的懦弱退让和罪恶表示宽容，兴许由着这份信任就能更贴近真相了。', '看于复旦三教的一个夜晚。走出教室，但走不出黑泽明。', '倒没见着大的恶，只见到了人的软弱以及在他人面前掩饰这软弱。。或许软弱就是恶？片头还以为是中国片呢，林中那段光影很不错。里面的笑声有些做作。。。', '人，不需要任何理由就要说谎', '如果不是那一阵风']"
终结者2：审判日,8.7,254903,"['伙计们~还有什么比这个更棒的?', '看这个我也能看哭，我多感性啊·', '金属狂躁！！！T1000的空前绝后在于一个机器人居然真的具有妖气。', '这是在1991年啊，重复，这是在1991年啊！', '少见的超越首部的续集，动作片中的经典~~']"
初恋这件小事,8.4,767821,"['结局真多余。。。。。。。。', '一场强大的暗恋背后其实还有另外一场相反的暗恋', '那英语老师是凤姐么- -  什么时候去泰国发展了。。。', '要不是这狗血的结尾我会打五星的！最让我感动的反而不是初恋了，是这群丑小鸭之间的友谊，让我想起我初中时候的那群小姐妹，“朱古力跳跳队”——谢十三、吴玲、杨秀丽、徐星云、拉链、吴美，还有我，一共七个，傻妞！十二万分怀念那个时候的我们……向青春致敬！', '你有几个最佳损友，她们陪你分享你心里的小秘密。你在初中小心翼翼的喜欢一个男孩子，你收集关于他的一切消息，你在你们共同上学需要走的小巷口左顾右盼，你记住他的每一句话，你为他做了让自己可以变得更好更美的所有事情，那些好长好长的岁月里你只是想让他看你一眼而已。']"
海洋,9.1,130828,"['看完之后深深希望2012快点来，大家抱团死，剩下的生物就可以好好活了。', '太震撼的画面了，目瞪口呆看完全片。砍鱼翅那一段的惨烈堪比《海豚湾》，配乐相当不错。全片就像是由千万生命谱写演奏的谢幕曲，如此绝美绝望，而镜头前的一切都在不断消失，请2012来得猛烈点吧。', '从此更加讨厌人类了，世界末日果然是有用的...', '摄影加一星。影片本身缺乏凝聚力，几乎为单纯的影像展览。', '人类是大自然最纠结的发明。但凡在大自然的和谐静美中出现人类的身影，非凶即恶、非恶即丑，一定是地球上最丢脸的存在、最恶心的物种，优胜劣汰、适者生存这样的说法可用来解释自然，但被用作强奸自然的由头、自我炫耀的工具，一切就变成屎了。如果人是不自大狂傲而只是充满好奇心和谦虚的态度，多好。']"
魂断蓝桥,8.8,201616,"['真正的经典电影绝非是口口相传，继而跟风装B，而是即便过了那么多个时代，如今看来依旧让人发自内心由衷地喜爱它称赞它。此片真的是经典，费雯丽的表演震慑人心令人难以忘怀。尤其是从她极为迷人的大眼睛流露出的眼神里包含着的各种情绪（而不是像如今很多女星那般眼大却无神），羞涩甜蜜幸福绝望绝决', '真爱不是订婚之后隔天就跑去打仗再无音信，真爱是一起去车站揽活儿。Kitty才是真爱Myra。', '早期的剧，译名那叫一个经典，那个时候有匠人精神。', '经典！只是一切已经走不出《乱世佳人》的影子了~~', '悲剧是把美好的故事撕碎了给人看，用此话来形容这部残酷美好的电影，估计是最恰当的表述了吧。天真可爱又傻傻的玛拉，让她无法面对纯洁的爱情，可是放到现在，谁又会在意的呢？罗伊爱的是你，不是你那些不愿提及的过往。罗伊一见钟情后巴不得将玛拉介绍给自己认识的所有人，又是多么萌和可爱。']"
可可西里,8.8,211267,"['在中国最傻逼的问题就是：“县里不给你们解决经费吗？”。最耐人寻味的回答的是：“我们没有编制”。众所周知的是，有编制的从来不管这些事情，因为组织没安排。', '分不是给你陆川的，是给那些人', '见过磕长头的人吗？他们的手和脸脏得很，可他们的心特别干净。我卖过皮子，可我没办法。', '“你看过磕长头的人吗？他们的脸和手特别脏，但他们的心特别干净。” \r\n', '只能说陆川选对了题材~~']"
燃情岁月,8.8,216052,"['生命中的险恶没有什么恐怖，生命中的寂寥没有什么悲愤，生命中的放纵没有什么缺憾，生命中的痛苦与埋没无关，关键是：即使在始终无人注目的暗夜中，你可曾动情地燃烧，像那颗不肯安歇的灵魂一样，为了答谢这一段短暂的岁月？', '我欣赏忠诚于内心，忠诚于野性的灵魂，因为他们坚持自我所付出的代价，我付不起', '看这片时我有一半时间在哭 哭到虚脱……这是美国片 商业片 心甘情愿的被煽情至此 还有它的配乐 放烂了没错 但实在是好 这么通俗入耳的交响曲 当年的彼特真正性感 如骏马 2003，7', '每个画面都是那么温情且壮阔，还有那刺痛到灵魂深处的音乐，众人到位的表演。故事虽然并不那么引人入胜，但要表达的思想却是很容易赢得共鸣的。燃情的岁月，一世的真情。★★★★★', '波澜壮阔的西部美景 令人无法拒绝的自由之彼特 我心狂野 不是人人都能够懂得']"
2001太空漫游,8.8,202933,"['既为举世公认之经典，必有高深奥妙之内涵。若觉难以理解，不妨从自身找找原因。对超出自我认知水平的事物极端排斥已属不智，再加以肆意的诋毁和谩骂只会将无知与庸俗进一步放大。更有甚者分明是哗众取宠，名为鄙视随波逐流，实则借机标新立异，以此彰显自己是如何的与众不同。实乃跳梁小丑，贻笑大方。', '原作作者克拉克：“如果有人觉得完全弄懂了《太空漫游2001》在讲些什么，那一定是我和库布里克弄错了。”', '首先你得忍者看完第一遍,觉得不知道在说什么;看了第二遍,觉得好像有点意思;看第三遍,知道原来这个电影讲述的是多个主题啊,看第四遍,觉得好像看懂了点什么;看了第五遍,啊,真他妈太牛了!这可是1968年的东西!', '史上最伟大的装逼片，就连作者克拉克和导演斯坦利都看不懂剧情……不过这丝毫不影响它的伟大，首先在视觉上它领先了同一时代数十年不止，很多星际旅行片都没有给我一种“星际旅行”的感觉，但这部有，关键就在于细节处理细致。还有就是，这部讲述星际旅行的片子拍摄于1968年，而美国登月则在1969', '《2001太空漫游》只获得了奥斯卡最佳视觉效果，而最佳影片和最佳原创剧本都只是提名。所以说啊，奥斯卡也不是权威。2014.1.17钦州']"
穿越时空的少女,8.6,297574,"['打多少星都不够', '我在未来等你...', '她有一条神奇的永远不会走光的短裙!', '爱杀真琴的性格和他们仨的感情。时间静止的画面。动画比人演得好！吉田潔的音乐大赞。', '决定一件事，很多东西不能犹豫，特别是中意某个人的时候']"
城市之光,9.3,90472,"['”假如我们长时间地、专注看一个好笑的故事，它会变得越来越悲哀“——果戈理', '老电影咖啡馆的第一弹。原来明天会更好的原文也可以是tomorrow the birds will sing。', '爱情是光，将城市点亮，笑的最后却是感动。卓别林竟然是爱情电影的大师……', '卓别林兼任出品人、制作人、监制、导演、主演、配乐、剪辑，结果一个奥斯卡提名都没有。\n卖花女一点不瞎，瞎的是奥斯卡评委。', '最后一个眼神的特写，直指人心']"
牯岭街少年杀人事件,8.8,186022,"['很多电影里都会杀人。只有在杨德昌的电影里，那不是杀人，那是整个世界的崩毁。他要你眼睁睁的看着，他用两个多小时创造的世界，在少年捅下去的那一刀里，灰飞烟灭。', '近四个小时的长片，我一直不入戏，张震也青涩得让我无感，直到Honey的出现，我才静了下来。这个小混混里的前老大，竟然穿着海军服，又帅又温和，席地而坐说起他看过的最厚的一本武侠书，叫《战争与和平》，英雄主义浪漫至极致的悲壮。', '海那边六十年代的生活跟海这边八、九十年代差不太多，但tmd海南边的学生凭什么人手一双converse？凭tm什么？', '弱者送给弱者的一刀', '四小时冒油。五十年代台北群像。十四岁的张震。发力的杨德昌。成长编年史。黑暗中闪光。再回首，青春的轨迹依然明晰到深深嵌入地表，但那种鲜明和深刻是根本由不得人再走一遍。每一个时代都有各自的悲哀和伟大，卑微的人弯着脊背，聆听风雷，勇敢而纯洁的人拿身体和理想叩问苍天，从内部上升或陨落。']"
新龙门客栈,8.6,320518,"['当年看到最后把甄子丹的脚剃成骨头的时候我还吓了一跳', '有眼不识金镶玉，当然不是说这里的老板娘，张曼玉的角色真的很百变，可温婉可风尘可纯真可忧郁，似乎没有她驾驭不了的角色了。', '张曼玉真是风骚啊', '张曼玉最后的必杀干嘛不早点用', '张曼玉将金镶玉风骚入骨敢恨敢爱的性格刻画的入木三分。林青霞和梁家辉亦将江湖儿女的情怀与抱负演绎的丝丝入扣。其它一众配角个个可圈可点，经典之作。']"
无耻混蛋,8.6,355245,"['当法国人不讲情义，美国人不讲人权，德国人不讲原则，英国人满脑浆糊，犹太人大开杀戒，希特勒就死了。', '我只有一点不理解：影院老板最后在电影上的那段宣言，可以是法语也可以是德语，它怎么会是英语呢。。。。', '放映室里俩人互相枪击那段,音乐配的太好了，我太想钻进去了', '流畅，看起来毫不费力。除了布拉德皮特显得格格不入，除了地下酒吧那场居然不收拾现场有些BUG，除了绑着TNT居然能混进元首活动场所很无稽，其他都很好，很完整，完成了电影所能给出的最重要的功能：娱乐。', 'Waltz屌，虽然片子一堆问题']"
完美陌生人,8.5,405083,"['女儿早就看出了她妈的婊，果然女人才了解女人', '女主人这个婊啊，睡朋友老公还提议玩看手机的游戏，算准了自己最安全因为这个人不可能当面打给她吧……细思恐极', '特别喜欢男主人和胖基佬这俩角色。', '扫把星来的那一夜。', '来啊，互相伤害啊！']"
源代码,8.4,608961,"['平行世界理论一定是真的，我坚定不移的相信着', '後面有延續的結局才是perfect！！！而不是傻逼的在那個kiss的時候結束！', '8分钟重启一次，不带存档的。', '这部电影告诉我们，最重要的不是想出一套没有硬伤的“科幻”元素，而是讲一个好故事。', '如果画面停在最后一吻上,就完美了.']"
色，戒,8.5,489258,"['男人是政治的动物，女人是情感的动物。李安用床戏“将易先生的内心活动外在化，外显他的恐惧、他的愤怒和挫折。你可以形容一个人如何不具备相信别人的能力，但更绝的是让他在高潮时都不敢闭上眼睛” “如果说断背山是一段发生在天堂里的爱情，那色戒就是来自地狱的爱情。”——李安', '表面上是王佳芝的自私害了一群战友，但她的上级早就有机会杀了易先生，却为了得到更多的情报迟迟不动手，打着“爱国”的旗号逼良为娼，强迫早在崩溃边缘的王佳芝继续和易先生发生关系。\n在拿出实际行动证明对她好的易先生，和惨无人道、毫无人性的党之间，王佳芝只是选择了前者而已，她真的有错吗？\n党在本片的形象并非伟光正，而是为了达到目的不择手段，甚至放弃人性和道义，这也是在华语片中罕见的。', '“第一次觉得李安可怕，是看《色戒》。觉得害怕，不是那十分钟的床戏，而是因为电影里彻头彻尾的虚无——爱情是荒谬的，友情是虚伪的，亲情是荒芜的，国家是四分五裂的，革命是似是而非的，革命者更是不可靠的……只有性爱的快乐是真实的，而这唯一的真实恰恰又是不可说的。”—摘录', '再看《色戒》觉得很残酷。王佳芝是因为爱上了邝裕民才加入了这个所谓的爱国计划。但这个口才甚好的爱国青年却不像他所标榜的那样勇敢。甚至连担起对心爱的女人在肉体上负责的能力都没有。而后她却发现易先生跟她想的确实不一样。易是个好情人嘛。至少她愿意为了他放弃这个计划。而这个计划的败露则意味着让她自己死。最后那些革命者面对死亡哭了。这个电影蕴涵的太多。很喜欢。', '对，我是一个很在意细节的人，甚至有细节偏执狂的倾向。我喜欢王佳芝的嘴角总是倔强地微微翘起，在父亲寄来结婚照片她发去贺信的时候，在她为了王力宏那一心复仇的疯狂甘愿把自己最宝贵的给一个不相干的人的时候，在她接到梁朝伟太太电话的时候，在她和他纠缠在一起的时候，在她看到足以让世界上所有女人疯狂的“鸽子蛋”的时候，在她确认自己是真的爱上他救他一命的时候，她嘴角的弧度，堪称完美。']"
阿飞正传,8.5,362639,"['总有一些人以为自己是鸟。', '梁朝伟在阿飞正传中的登场令人匪夷所思.这也使得王家卫超越了一般的闷骚.（180630影院国语）', '像旭仔这种男人大概没有女人会不爱吧 每一个都以为自己能够改变他 其实都是做梦', '在张国荣面前\n所有的大牌都黯然失色', '“我听别人说这世界上有一种鸟是没有脚的，它只能够一直的飞呀飞呀，飞累了就在风里面睡觉，这种鸟一辈子只能下地一次，那一次就是它死的时候。”  “以前我以为有一种鸟从一开始飞就可以飞到死的一天才落地，其实他什么地方都没有去过，这只鸟从一开始就已经死了。” ']"
青蛇,8.5,371826,"['如果有六颗心我就打六星，如果有十颗星我就打十星，别问我为什么！', '当时很不能接受的是，许仙竟然和小青有暧昧。不过长大之后再回想，男人，可不就是这样的么。', '每个女人，也希望她生命中有两个男人：许仙和法海。是的，法海是用尽千方百计博他偶一欢心的金漆神像，生世位候他稍假词色，仰之弥高；许仙是依依挽手，细细画眉的美少年，给你讲最好听的话语来熨帖心灵。', '人生如此，浮生如斯。小时候看到的是群妖乱舞，大点看到的是情欲纠葛，昨天再看的时候是悲悲戚戚。谁人言，花彼岸，此生情长意短。谁都是不懂爱的罢了。', '作为一个性格被阉割的男人，青蛇那一剑捅得好！']"
香水,8.5,423397,"['这简直就是一部资本主义发展史，出生于最肮脏和腐臭的地方，却追求最纯粹的美，通过杀戮得到迷惑人心的力量，就连最痛恨他的人也甘愿俯首称臣，最后犹如寓言一般消失于这个世界......', '有人曾告诉我他不顾一切寻找的其实是爱情的味道，爱情也有香吗？他试图拥有世上最奇异圣洁的香水，当世人在广场狂欢，以达爱与欲的颠峰，他却在最后发现他已失去爱人的能力。没有爱情，香味消失了。他仿佛从未存在过。', '用少女的体香，酿造出最蛊惑的香水。只不过是为了留住爱人的气味，他所以为的救赎。而其实，“他本身其实就是一瓶香水，馥郁绽放之后终会随风消散。”', '如果当作一个犯罪片来看就大错特错了。对白不多，但镜头美的像会说话一般，万人发春的场面堪称经典。这海报跟东野君《变身》的封面有什么关系？', '最大的缺点是：我根本闻不到香水嘛，你在那陶醉个啥？']"
遗愿清单,8.6,269879,"['前提是：你也得有钱才行啊！', '在电影最后卡特的念白声中，科尔来到女儿家，俯身亲吻美丽的孙女，随后划去“亲吻世上最美的女孩”，我就开始哭，一直哭到电影结束，太温暖了，这个故事仿佛离我很远啊，可我为什么会被感动成这样子。', '三流剧本，一流演技，主要是看两个主角啦', '笑了三分之二，最后开始落泪。你亲吻了世界上最美的女孩，你们的故事成为别人见过的最美的传奇。', '渐入佳境，直击心灵。老卡特的问题：在你的生命中，是否有过欢乐？那你这一生，有没有给别人带去快乐？爱德华的经验：想尿别谦让，硬了就快上，屁要小心放！']"
谍影重重2,8.7,262291,"['俄罗斯出租质量真好', '拍摄利落。全片大量采用了近景跟随拍摄，追逐逃亡场景用极短的镜头剪接连缀，没有用近几年时髦的慢动作、子弹时间、镜头满天转等特效。但是一样达到了让人屏住呼吸、目瞪口呆的效果。汽车追逐片断中近距离车内拍摄的碰撞场面尤其惊心动魄，远比其他动作片中动辄撞坏十几辆车来的惊险刺激。', '整个片子干净利落，扣人心弦。对自我身份的确认与对过去的救赎又让影片多一份厚重。', '伯恩在水下亲吻玛丽的那段，真是又美丽，又悲伤，唉。', '手提摄影，快速剪辑，身体力行，暗藏杀机。间谍动作片由此洗牌']"
血钻,8.7,257358,"['抵制血钻~~~BS为了小破石头的虚荣而不惜以采钻者血的代价来实现的女人们~~~要是我吗，冰糖也能当钻戒', '又是一个Leonardo适合的角色，彪悍的小混混。“几内亚，100万人的非洲第二大难民营，但在电视上，最多只能播1分钟新闻，在体育和气象之间。”', '如果早拍10年并换个更有质感的女主，比如年轻时的梅里尔斯特里普，这部片应该能成为另一个走出非洲。除了探讨血钻主题，事实上影片也探讨了很多其他的宏大命题如战争、儿童兵、不绝对的正义与邪恶、生命的意义等。且并不显得突兀，很好的融合在剧情里。剧本有张力，Leo表演很赞。后半程配乐不错。', '但愿看过这片子的人以后都不再向往钻石', '每个国家都曾经是非洲']"
地球上的星星,8.9,151467,"['为什么一定要成为全才，为什么一定要有出息，不会拼写有什么关系，不会系鞋带又有什么关系，你懂得什么是想象，你能画出美丽的池塘夜色吗。要相信每个人都有别人无法超越的那一面，可悲的不是有其他方面表现的比别人差，而是有些人一辈子都发现不了自己最闪光的那一面。喜欢最后一幕ishaan奔向nikumbh，脸上泛着喜悦与自信的光芒。', '每一个镜头都寓意很深，他的才华有目共睹。看这部电影的时候，我想很多人都会有强烈的代入感想到自己的童年吧？小时候，在家长的压力下，不得已放弃那些看似幼稚却是我们心中真正渴望表达的东西。在既定的规则下，我们失去了儿时的那份纯真，逐渐沦为社会规则的牺牲品。★★★★★', '没有坏学生，只有差老师', '将来我儿子要是不爱上学，那就不上，在家歇着，爹下班回家陪你玩！瞧瞧把孩子给逼成什么样了？中国哪有那么多像阿米尔汗那样的好老师啊！', '我们中间一直都有那样的人,,想要改变世界运行的规律,,因为世界在他们眼中是另外一个样子.他们想法很独特,并不是所有人都能理解他们,他们被孤立了,但他们可能是最后的赢家那时世界将会被震动。']"
大佛普拉斯,8.7,277434,"['年三十晚，我妈在旁边和我一起看完了那场两分钟的车震戏。年度最尬观影体验........', '「雖然現在已經是太空時代了，人類可以搭乘太空船到達月球，但卻沒辦法看穿每個人心裡的宇宙。」', '看到“我要你干我”的时候家里人推门而入，真的百口莫辩', '生而平等是不存在的，死而平等也是不存在的，唯有人类永生的孤独是众生平等的。', '树顶仔一只虎头蜂，\n莲雾开花满树红，\n电影色彩阶级学，\n有钱人的世界是彩色的，\n三餐海产呷鱼块，\n假发一天不戴不安心，\n闽南三尺有神灵，\n大佛肚中众生相，\n一口一个阿弥陀佛，\n一口一个干你娘，\n念念不忘，\n必有回响～']"
战争之王,8.6,263175,"['世界上每十二个人就有一个在做俯卧撑,我们的任务是让剩下的十一个人也做俯卧撑.', '从影帝蜕变到烂片王也是需要一定的气度，就如同影片最后他被家人抛弃被抓到监狱却十分镇定一样。这片子政治隐喻很多。', '我爱这部电影～它太人文精神了…………\r\n特别是中间能把飞机在一夜拆掉，哎天，太摆了实在是……', '喜欢Nicholas Cage片中的表演，影片立意很高，最后的对现实的讽刺稍有些直白。', '做你擅长做的事，而不仅仅是活着。']"
谍影重重,8.6,313347,"['喜欢Bourne的冷静。当Matt Damon打开银行的保险柜时，我突然发觉，世界之大，持有三样东西便可畅通无阻：金钱，身份（也可理解为地位），枪（强权）。要求自己象特工一样生活显然是很辛苦且不切实际的，然而，有些时候，特别是面对危机，试着用特工的思维方式去看待问题也许会很有效，特别是对于男生。', '马特达蒙的外貌在帅哥扎堆的好莱坞实在不算起眼,却又如此特别,总能为你喜欢他找到一个理由.他演天才,演间谍,演神偷,睿智,冷静,从容,身手敏捷,眼神偶尔忧郁,偶尔深情,偶尔锐利充满警觉,走路时姿势总是很怪异,他不常笑,但不经意展露笑容时,会觉得他的笑像孩童般天真,那么有感染力,一不留神已被他俘获', '我发觉叫JB的都很厉害，是不是？James Bond, Jason Bourne', '同类片教材片，唯一遗憾是女一丑。', '只有动作片，才能如此深沉霸气地表达人类的困境吧！']"
疯狂的麦克斯4：狂暴之路,8.6,372082,"['全程内心戏都是：【卧槽！还有这种操作！……】', '虽然名字是mad max,但这片本质上是塞隆饰演的furiosa带领一群娘子军的avenge。和这片酣畅淋漓的动作与邪典精神相比，男人戏为主的furious 7和avengers就像一群太监扯头发一样娘炮和可笑。(no pun intended)', '情节？情节？老子的贝斯都可以喷火了！还要特么什么情节！', '除了燃，Mad Max 4还说了一件事。背井离乡七千天，无一日不惦念。不论眼下多苦，相信只要回头就有希望，因为那里是丰饶的绿洲。但这终究只是个幻觉。离开家乡越久，幻觉越严重。你以为逃离能解决一切，但真正的胜者不是寻找green land的人，而是改变wasteland的人。', '近年来最具作者性最有风格的好莱坞动作片，且完成度极高，其存在堪称奇迹。单是前30分钟就已经嗨翻天，风暴戏的配乐简直神来之笔！邪典味的疯劲贯穿全片，文戏少没废话直接爽，如此雄性的动作电影竟然没有直男癌反而讲了一个女权觉醒的故事，片中每一个女性角色都实现了自我价值。PS：电吉他碉堡了！']"
步履不停,8.8,183756,"['人生就这么步履不停地前行着，那些舍得的舍不得的人和事总会一一远去，以至再也无法望见。你可能偶尔怀念，也可能丢了命似的道不了别。', '亲人只有一次的缘分，无论这辈子我和你会相处多久，也请好好珍惜共聚的时光，下辈子，无论爱与不爱，都不会再见。★★★★★', '""你才25岁，你可以成为任何你想成为的人。""剧情没有什么起伏，不温不火，朴实平淡的对话，安静的生活，温馨的生活细节，这样讲出来的故事，总是娓娓动人。生命依旧不停的在循环，平淡、责任、羁绊、也许，这也叫做人生吧。当最后那只黄粉蝶飞出来的时候，却让人眼泪止不住的在流。★★★★☆', '送走儿子后寡言的医生父亲念叨：“下次来的时候就是新年了。”与此同时儿子坐在远行的大巴上长舒一口气：“这次回家了新年之行总算可以省了。”转瞬下一个镜头就变成空的风景和儿子的画外音：三年后父亲死了。不多久母亲也走了，她最终也没坐上我买的车。这是日影特有的温情与残酷。玉米天妇罗。', '日本的家庭电影已经是世界巅峰了，步履不停是巅峰中的佳作。']"
彗星来的那一夜,8.5,364861,"['没觉得有什么“烧脑”的，有的只是人类共享的对未知维度的震撼和恐惧。结尾毫无防备地从科幻硬是升华出了人性。强烈推荐这部画面烂到不如DV短片却出奇有力的作品。', '真·烧脑，认真看了两遍。第二遍主要注意一些细节，杯子啊衣服扣子啊还有走错门二人组拿箱子跑的时候塞进去的隔热手套……最后总结，如果以女主视角来看，到她落单遇上伪老公吓回屋子往后，身边已经没有一个是最早跟着出来的那拨人了，一个觉得自己被全世界抛弃的人其实做出什么来都不奇怪啦', '平行时空不稀奇，神奇的是各路平行时空的交汇之后混乱的生活，看完真的有点恐怖。★★★★☆', '「量子力学的平行多宇宙学说，在交叉小径的花园里总会有一条路，让人们在生命中的每一个节点都得到幸福。 在每一次铭心刻骨的选择里，总有一个你选对了路 。在茫茫的恒河沙数的宇宙里，总有一个你，终生幸福。」所以，最后我选择了，留在那一个看似最好的版本，不惜干掉另一个“我”。', '传说中的年度烧脑神作，其实还蛮贱嗖嗖的。情节跟得上，只一点疑问：类似故事（时空罪恶》《恐怖游轮》），大家不约而同选择了揭示人性黑暗面这个主题——为保全自我你必须杀死另一个（或一大堆）自己。我去，为毛啊？大家就不能组个团一起去海底捞涮小肥羊吗？']"
猜火车,8.5,340665,"['世界在边，音乐在变，连毒品也在边，你不会越来越年轻', '墮落也需要天分。', '令人惊艳的马桶', '不知所謂的青春。', '那恶心的厕所。']"
朗读者,8.6,371837,"['终于有从另一个角度看纳粹的电影了。人性的愚笨，执着，甚至荒谬，却又是那样的自然，值得同情，甚至是值得尊敬的。这是今年奥斯卡最佳电影提名里面我认为最有深度和内涵的片子。Winslet的表演也相当棒，把一个低层劳动妇女的善良与粗犷刻画得入木三分。', '人因羞耻感而保有秘密，却又因秘密而困锁，但又因坚守秘密，留有一份尊严。难以言述的电影。', '“只有一件事可以让灵魂完整，那就是爱！”男孩流着泪的脸经过隧道的阴影，变成了男人，但对她的爱从未消逝，从十五岁开始，一直到她死。甚至他死。', '汉娜热衷于倾听朗读，她对文化世界中的美好事物的向往越强烈，她对自己文盲身份的厌恶和恐惧也就越强烈，这是同一种感情的两面。这让她近乎疯狂地走上了一条维护、追求尊严的道路，为此不惜撒谎，抛弃工作和爱她的人。为了守护秘密，你会走多远？', '要不是那天的呕吐，也就不会有这么一段爱情。']"
浪潮,8.7,205204,"['“他们无法理解法西斯主义，但突然间，他们就成了这场运动的一部分”，有些事情不是有理智就能够分辨清楚的', '由个人魅力领导 不平等社会因素推动的独裁主义遏制除领袖外一切个人主义 妄图以集体的力量去对抗所有不平等 逃避现实 忽视个体的重要性 只要还有贫富不均 那么法西斯主义的民众基础永远都会有的 ', '糟蹋了这个题材，穿下校服和上课遵守纪律，学生就脑补到满城涂鸦、开枪杀人了。人类社会离不开组织和秩序，独裁统治和有效组织的区别其实应该是影片讲述的重点。而影片用一个神经脆弱学生的开枪来否定几乎一切社会运动和社会团体的组织方式显得很无力，对独裁的关键——监视、绝对的理念展现不够。', '浪潮的手势和上好佳广告里的手势95%相似。', '世界离独裁只有五天。让我们回到1967年4月克柏莱中学的那场试验。就在试验结束之时，罗恩•琼斯对他的学生说：“和德国人一样，你们也很难承认，竟然做得如此过分，你们不会愿意承认被人操纵，你们不会愿意承认，参与了这场闹剧。” ---作者熊培云 ，原载《凤凰周刊》']"
九品芝麻官,8.5,389370,"['原来很多年前，就有人跟我们说了一个上访成功的故事', '星爷的喜剧虽然无厘头但是还是值得深思的，记忆最深的一段就是和妓院的人斗嘴，以一敌十，最后去海边的场景', '今天有看《九品芝麻官》发现剧本有2个问题，先前说张敏有两个月生孕，而发生在命案第二天，明显就不可能是常威的儿子，但最后用滴血认亲来咋他，他怎么会相信去愿意验呢？还有个细节问题，之前审的时候说是买了半斤砒霜，后来审的时候说一斤，用只斤了半斤怎么卖一斤来辩，但其实之前就是说半斤的。', '贪官要奸，清官更要奸，这样才能治得了贪官。', '正宗的周氏无厘头电影~~']"
小萝莉的猴神大叔,8.4,359145,"['难道是政治阻止了爱？圣母婊以为爱可以战胜一切', '近期唯一泪眼朦胧的电影，不能说电影拍的有多好，只是题材上升到了一种高度，宗教，政府，国家其实都是为人服务的，在爱的面前，这些都要让路，人性是能冲破这种种隔阂最后让奇迹出现发出呐喊声音的，也能判断是非对错的，哪怕那些违犯法律，制度，可这尊重人性，最后的最后那场景的确很震撼。', '不说了，洗脸去了', '在真正深切的爱意与人性的光芒之下，一切由于偏见和狭隘而被塑造出来的障碍——不同的信仰、对立的政治、分割的土地，都不再重要。', '后20分钟很精彩，也很有意义。但是前面一个多小时又冗长又有各种瑕疵。瑕不掩瑜吧。一开始以为是男女小孩，后来发现是男男小孩~~']"
哈利·波特与火焰杯,8.5,356780,"['不管是书还是电影，火焰杯都是最好看的', '这部之后 那个可恶的老女人就出现了 恨死她了 嗯嗯  总觉得赫敏对罗恩的感情 出现的略突兀 之后罗恩对赫敏的 也有点突兀 喜欢难道一直不知道么', '从此以后，哈利波特走上了长残的道路。', '剧情忘记了。赫敏越来越漂亮了，然后那两位越来越。。。', '意想不到的考验、朋友的质疑和隐藏在黑暗中的威胁，剧情想讲的内容太多，可惜时间太短，有些地方过于急促，而特效依然很棒。']"
再次出发之纽约遇见你,8.6,306403,"['电影院里坐我前面的男子，每当音乐响起时，都会打开QQ音乐的曲目识别，我很想告诉他，你每一次搜到的歌，都收录在同一本原声带里', '奈特莉在教育少女方面颇有天赋“dont let him think you are easy”', '我知道它不完美。我知道爱上和音乐生活的人是什么感觉，也记得他开始给其他女人写歌时，是什么感觉。KK比我想的好太多。Mark和Adam是两个阶段，别做谁的fucking缪斯，记住这一刻就够了。分享歌单踩街曾是我年轻时的恋爱法则，现在都不再重要，想到这，又哭了出来。Mark演的特别好，我爱每一个瞬间。', '电影给4星，歌曲加一星。原声带真的是要进入本年度最佳电影原声候选了。', '“我之所以爱音乐，是因为它让每一个平凡的瞬间，都充满了意义。生活里的很多细节，因为有了音乐而变成闪亮的珍珠” 8年后再续《曾经》，没有狗血的大情小爱，所有故事就跟每个人的普通日常一样，平淡自然，水到渠成，不拘谨，也不奢望，他们单纯因为音乐而在一起。']"
东京物语,9.2,92398,"['刚到东京的时候，妈妈说：“原来东京这么近。”决定离开东京的时候，妈妈说：“东京真的太远了。”', '片中的纪子，好善良美丽的女人，一个完美的日本女人。', '“兒女們未必不愛自己的父母，他們相信自己是愛的，但卻在日常生活的淘洗中漸次失蹤了那份感情，愛與尊敬只剩下一個自以為是的幻影。”', '东京那么大，如果有一天走失了，恐怕一辈子不能再相见……', '这世上本来就有许多令人灰心的事情。所以，还请你不要太灰心。']"
聚焦,8.8,210575,"['明年的奥斯卡最佳影片和最佳改编剧本的最大热门，不仅三观正，片子的完成度也非常高！片子的拍法和这群新闻人很像，客观冷静理性，干净利落不煽情，剧本是非常传统的类型片叙事套路，既扎实又踏实，剧组的团队精神就像精彩的群戏表演，没有任何主创抢风头，凝聚到一起却力量十足，让人敬畏。★★★★', '唯冷峻克制的表达，更具“于无声处听惊雷”的震撼效果。', '四星半 其实我觉得最能挖的是rapist may have been raped这一点', '有点像“撞车”，都是群戏电影，每个人都有精湛发挥。聚焦天主教性侵丑闻，凌厉割喉的步步求证。电影最成功的是将亵童和性向做出切割，指出这是教会这一全世界最藏污纳垢组织自上而下的制度性丑恶，看完会让人失去对宗教的所有敬畏。', '本来想打四星。然后我问了自己一个问题：“如果这个题材让韩国人拍…”不由得虎躯一震，赶紧改成五星。']"
驴得水,8.3,668745,"['幸好有个民国，不然借古讽今都没有抓手', '过去的如果就让它过去了，未来只会越来越糟！', '不能把开心麻花出的所有电影都粗暴地归到「喜剧」里……这种营销思路就会导致我今天观影时遇到的蜜汁尴尬……有一帮观众从开头驴棚着火就开始笑，然后一直笑到结尾枪声……我……真特么……跪了……', '三颗星全给任素汐，她是中国最优秀的话剧女演员，有魂。她的巴掌都像是打在我的脸上。但是，建议导演改一下职务叫摄像吧，因为您只发挥了这个功能。', '这样的剧本，这样的电影，任凭你们怎么说风凉话，都休想模仿出来，国产片的普通货色离它差距太大。']"
追随,8.9,133323,"['我曾经跟踪过一对陌生情侣，因为他们走的太快了，完全不符合正常情侣的步速，这让我好奇。当他们拐进路边的快捷酒店时，一切疑云烟消云散。', '我已经几乎可以荣封诺兰为我最喜欢的导演了。这不仅因为同样是环状叙事他的片比昆丁少了许多矫情，更因为他太好的掌握了观众的智力和口味，光凭剪辑和讲故事就能在imdb250里占据那么多席。更因为他那么清楚文青的心理——就是喜欢默默躲在小角落里偷偷观察人，猜测每个人背后的故事。', '虽然你行的是鸡鸣狗盗之事，但也不用摆出一副鸡鸣狗盗之相', '牛B导演都是从年轻时候就牛B起来的。', '两个发现，一个主角叫Cobb，另一个主角房门上有个蝙蝠侠标志。']"
千钧一发,8.8,176749,"['没有触目惊心的科幻大场面，娓娓的说伦理、说基因技术的双刃剑。落了泪的点不是主角，而是最后那个医生，原来他一直都帮助着Vincent，这种梦想一旦被共享，也就推动了第一块多米诺骨牌。有趣的是，片名本身是由DNA的碱基组成的，还有剧组成员名字出来的时候，也是先凸显出G.A.C.T，很有心思的小细节。', '看了这部《千钧一发》，没想到还真不错，男煮饺儿追求梦想时不给自己留任何后路的精神真鸡巴励志啊……这种励志非心灵鸡汤式励志，而是心灵牛鞭汤式励志……我们曾经都是星尘，莫名其妙地来到了父亲的睾丸里，来人世走一遭后重新变成星尘……反正迟早变星尘，不如追梦尽情活…… ', '为什么只有5星？全宇宙的星辰都属于你。', '人类的历史就是一部歧视史，财富、地位、年龄、性向、肤色...基因决定人生，不过是把这种歧视从人的出生开始以科学的形式固定下来。电影想讲述的是：我也许没有伟大的基因，但我有一颗造梦的心——我就是那个统计学上渺小到不计、但没人可以抹去的1%。', '看名字以为是恐怖片，没想到是这么走心的风格。裘德洛的出场太惊艳了，那双眼睛，那个孤傲的眼神和表情让人难忘。可他最后结束自己生命的方式太残忍了，难以接受。']"
一次别离,8.7,197870,"['一个教育女儿坚持写正确答案，哪怕为此开罪老师（权威），哪怕为此失去分数和成绩（利益）的男人，却手按着圣洁的古兰经流利娴熟地撒了谎。而一个没什么文化，艰辛挣扎在社会底层的女人，却在向古兰经宣誓之前，想到自己说出的可能是难以确证的谎言，而瑟缩崩溃地说：不，我还有疑虑……', '4.5。一次即永恒！①着意隐去匠气，还故事以挚诚本真，唯象征私隐于后。②一席黑头巾掠过楼道、车流。③隐匿于镜头外的西方理想国。④你怎么敢看着我的眼睛撒谎！⑤古兰经的存在一度置瑞茨于人性罪责和信仰之间，如替老人洗澡、告白真相等。⑥玻璃门之隔。', '格局无需大，笔触只要深。', '一个有信仰的国家才能发生的道德纠结。手持与频繁的主观镜头将观众带进他们的世界，甚至会错觉自己也是当事人。对角色感情细腻且准确的把握让你的情感天平反复在两组家庭之间。对角色心理暗角和懦弱一面的剖析，让人忍不住叫好。情节上波折不断，是生活的力量。与《关于依丽》一样，与众不同的伊朗电影', '一个战争与宗教包围着的国度奉献的一部佳作，可以称之为实至名归的金熊奖最佳影片。大量的手持镜头，用客观而冷峻的镜头讲述着两个平凡家庭的琐碎与冲突，人物刻画入木三分，故事的悬念更是凭借着适当的掌控丝丝入扣，直到电影完结仍使观众处在情绪当中。★★★★☆']"
波西米亚狂想曲,8.7,413420,"['大荧幕让我这个晚出生十几年的人，能听到Queen的live show！感动的一塌糊涂', '坐在几百个白发的叔叔阿姨中间观影，感觉我们虽隔了二十多年但共享了一段青春。', '从Freddie第一次在钢琴上轻轻敲出Bohemian Rhapsody的旋律开始，我的泪腺和毛孔便会为每一缕熟悉旋律而收缩。而最后Live Aid如临现场的冲击力，让我意识到此生都没有可能真正看一次Queen的Live ——莫名的痛苦卷着鼓点的狂骚将我击溃在影院最后一排的座椅之上，鼓膜轰鸣。', '牛逼！！！好音乐真是颗幸福的原子弹！！！', '一想到我这一生从一开始就注定无法亲眼见到Freddie，无法亲身参与Queen的现场演出，无法和上万人一起跺脚一起鼓掌一起大喊，我的眼泪就停不下来。这是我今年最喜欢的电影，没有之一。']"
我爱你,9.0,111594,"['你说，如果到人生的尽头，还没找到牵手的人，那咋办啊？', '“我是个胆小鬼，没有你，我怕活不下去。”四个古稀老人，两段浓浓黄昏恋，他们爱的善良，爱的浪漫，爱的纯粹。即便有些段落会让人感觉略显刻意煽情，但众多老戏骨奉献出的这部电影依然十分值得一看同时也耐人寻味。btw,我始终无法免疫这类电影，满满都是泪。★★★★', '有些爱情，只有死亡能把它隔断；也有些爱情，它能把死亡也隔断。', '對不起，我是個膽小鬼，沒有妳我怕活不下去。', '他们是我看过最帅和最漂亮的四位男女主角。']"
黑鹰坠落,8.7,211696,"['这里没有《拯救大兵瑞恩》的煽情回忆，也没有《现代启示录》的痛苦反思，有的只是战争，真实而残酷的战争！', '是想当作一个任务如何失败的案例来看的。。战斗场面够多，信息量还是不够全。。战争残酷狰狞自不必说，只是只有美方士兵单方面的人性化描画，至于那些发狂的索马里士兵却只是默默而生，默默而死，成不了一个相互沟通的契机。。背景音乐很不错', '非洲兄弟命贱，一死一大片！', '发现这种突击类枪战片的翻拍总有丧尸片的气质，不怕死而且打不完。真实又恐怖的战争，弹壳如雨点般飞落。', '很讽刺的是，艾迪德的儿子成了一名美国的海军陆战队员。']"
网络谜踪,8.6,385525,"['男主应该感谢妻子的陪伴，感谢女儿的善良，还应该感谢谷歌、脸书、油管，要是他用的是百度，估计不但找不到女儿还会被莆田系广告骗走2万块。', 'Bieber concert (confirmed)', '看到结尾回想起一个细节，妈妈电脑里保存的班级电话簿，上面有真凶的联系方式来着，备注写着：家长在警局工作，离异家庭，喜欢玛格。', 'Amazing! 剧本写得太好了，千回百转。几乎没有实景拍摄，但节奏感超强。这种拍摄方式真的太省成本了。', '非常新颖的表现形式，整个故事都在电脑屏幕上完成，节奏感把握得极好，多处反转出人意料，想起前面的铺垫又觉得顺理成章，悬疑的氛围持续到结束。影片中各式social media玩得极溜，导演说想要通过影片表达网络有时候也不全是negative的。五个主创拍片十三天却在电脑前剪了两年！']"
四个春天,8.9,119830,"['我自己的片子，我打五星。。。⁄(⁄ ⁄•⁄ω⁄•⁄ ⁄)⁄', '看哭了。倒不是说这片子拍得多么惊世（当然导演本来就是一枚文艺大叔&很棒的图片摄影爱好者，对影像有很强的敏感度，拍出一份质朴的诗意），主要是这对老人家太令我羡慕和感动了，这就是中国家庭最缺失的爱的教育啊，小时候梦想中其乐融融的家庭氛围。他们将岁月的苦难化为财富（生活能力极强，除彼此不依附任何人，对一切事物尤其文化生活有强烈的好奇心），展现出超乎常人的乐观、豁达、坚韧与感染力，拍成连续剧我都愿意看。古稀老父自己拍DV学剪辑和后期太可爱了，十八般乐器唱歌书法才艺简直不要太多！姐姐病逝，但她还在他们身边。老照片和家庭录像有效拓展了背景信息量，同时也很抓人。个别处剪辑可以再精炼一下，但总体来说作为非专业出身处女作，扎扎实实不炫技，已经给我太多感动和余味了。', '导演一家人，一直有保存和记录家庭影像的传统（片中最早出现的素材是1997年），加上知识分子的文艺情趣，人物鲜活不拘谨，张口都能来上一段曲——已经有中国家庭很少见的乐观达然一面。尤其是导演确立了要创作的想法以后，对摄影拍摄的思考（机位、角度、构图），也令电影不乏美感。《四个春天》是家庭录像在这个时代，这个国度，所能做到的极佳案例。甚至对比《日常对话》，它来得更加随心所欲。父亲姐姐拍摄的素材（印象最深一段是父亲配了《水边的阿狄丽娜》），参与到电影成片当中，也仿若李珞《河流与我的父亲》的实践版。第三个春天的沉默，晦暗与情感凝重，也道出了生之多艰。中国人很少能记住三代以上的亲属，但对于从小陪伴，日常成长的亲人，一旦割舍道别，难免会有切肤之痛，正如每天春节，归家的燕子，总能唤醒相似的生命记忆。', '真挚的记录，有一对普通老人能遇到的欢乐：香肠熏得好，燕子回巢，邻人送来腊梅苗，「闹热」。也有一个中国家庭能遇到的悲痛，这些我的祖辈也有，但十多年来一直被大家刻意回避掉了。片子叙述极为简洁朴素，没有任何刻意的技巧。凝练了日常生活的韵味，又高于日常生活，这个家庭的生活自有旋律，就像那些餐桌边、山野里、病榻上、坟前、旧视频里响起的歌声。', '纪录片直击穷山恶水黑社会是一种力量，记录柴米油盐酱醋茶也是一种力量。我们的家庭叙事中很少见到这样豁达与乐观的父母辈，他们对生活中具体的一餐一饭一花一草一事一物真心好奇，真心感恩，真心享受。父亲无论遇到什么事，都笑着说“好玩得很”，看见红亮腊肠慨叹一句“安逸”，看燕子筑巢，看荆条发芽，吹一支蒲公英，这些不是文艺青年的摆拍，是来自真实生活中的点滴情趣，它本应是生活的本意，只是长久地被尘埃覆盖。这其中也有死亡和告别，甚至是最惨痛的那一种，但即便如此也是透亮的。这两位老人没有被时光钝化，没有被窘迫打垮，没有抱怨没有唉声叹气，过好每一天，生命都有界限与终点，所以意义是什么？不过就是盼树叶返绿，等燕子复归的这个过程。']"
发条橙,8.6,282372,"['对于他的电影我一直都抱着没水平写影评就闭嘴的态度', '影片通过一个漫长而完满的暴力实验揭示了这样一个道理：人们对待暴力与对待行为准则的态度不经意间便自相矛盾，既反对暴力又以暴制暴，西方社会一直追寻的人性在影片中却不复存在，这使影片给人一种飘渺洪荒的感觉，而对社会政治的深刻嘲讽以及人的生活信念的崩溃与迷茫也表达着一种深切的探索精神~', '如果人甚至没有选择邪恶的权利，那还是人吗？', '人是神魔一体的动物 没有善的是畜生 只有善的也只是怪物。', '我也想买那个瓷的大JJ']"
黑客帝国2：重装上阵,8.6,258925,"['强烈建议3D重映！各种视效爆炸飞到脸上，就是为3D而生的。黑人文化、中国功夫和后现代机械感硬凑到一起，真是敢弄。一千个雨果大额头让功夫相形见绌，里维斯衣服好娘，白老头黑姨妈真般配。就是动作戏实在多过了头', '爱情真可怜，动不动就被拿来被当作救世的对立面，爱情太反人类了。。。', '基努里维斯 是夜礼服假面升级版！！', '剧情都在后20分钟，前面一大段都在不停地打打打打打打打，每一段打斗剧情结束我都会想不起来他们怎么会打到一起去的……', '第一部对现实说的很清楚了，第二部就让我们见识一下，这些发现真相的人类会怎么做。最精彩的莫过于里面Neo和先知的对白了，解释了宇宙、自然和社会的现象。其实这里有一个伏笔，那就是程序的命运和终点。真实世界与虚拟世界是共通的，电影在让主角们努力拯救自己的家园的同时，也在探讨这一点：万物运转的规律。神仙其实只是一个程序，外星人和妖魔鬼怪只是系统出了bug']"
